,year,month,date_of_month,day_of_week,births
0,1994,1,1,6,8096
1,1994,1,2,7,7772
2,1994,1,3,1,10142
3,1994,1,4,2,11248
4,1994,1,5,3,11053
5,1994,1,6,4,11406
6,1994,1,7,5,11251
7,1994,1,8,6,8653
8,1994,1,9,7,7910
9,1994,1,10,1,10498
10,1994,1,11,2,11706
11,1994,1,12,3,11567
12,1994,1,13,4,11212
13,1994,1,14,5,11570
14,1994,1,15,6,8660
15,1994,1,16,7,8123
16,1994,1,17,1,10567
17,1994,1,18,2,11541
18,1994,1,19,3,11257
19,1994,1,20,4,11682
20,1994,1,21,5,11811
21,1994,1,22,6,8833
22,1994,1,23,7,8310
23,1994,1,24,1,11125
24,1994,1,25,2,11981
25,1994,1,26,3,11514
26,1994,1,27,4,11702
27,1994,1,28,5,11666
28,1994,1,29,6,8988
29,1994,1,30,7,8096
30,1994,1,31,1,10765
31,1994,2,1,2,11755
32,1994,2,2,3,11483
33,1994,2,3,4,11523
34,1994,2,4,5,11677
35,1994,2,5,6,8991
36,1994,2,6,7,8309
37,1994,2,7,1,10984
38,1994,2,8,2,12152
39,1994,2,9,3,11515
40,1994,2,10,4,11623
41,1994,2,11,5,11517
42,1994,2,12,6,8945
43,1994,2,13,7,8171
44,1994,2,14,1,11551
45,1994,2,15,2,12164
46,1994,2,16,3,12009
47,1994,2,17,4,11674
48,1994,2,18,5,11887
49,1994,2,19,6,8946
50,1994,2,20,7,8402
51,1994,2,21,1,10617
52,1994,2,22,2,11810
53,1994,2,23,3,11776
54,1994,2,24,4,11667
55,1994,2,25,5,11905
56,1994,2,26,6,8988
57,1994,2,27,7,8195
58,1994,2,28,1,11091
59,1994,3,1,2,12127
60,1994,3,2,3,11735
61,1994,3,3,4,11984
62,1994,3,4,5,12066
63,1994,3,5,6,9215
64,1994,3,6,7,8389
65,1994,3,7,1,10996
66,1994,3,8,2,12275
67,1994,3,9,3,11780
68,1994,3,10,4,11792
69,1994,3,11,5,11939
70,1994,3,12,6,9087
71,1994,3,13,7,8248
72,1994,3,14,1,11092
73,1994,3,15,2,12298
74,1994,3,16,3,11865
75,1994,3,17,4,11976
76,1994,3,18,5,11799
77,1994,3,19,6,8944
78,1994,3,20,7,8243
79,1994,3,21,1,11140
80,1994,3,22,2,11964
81,1994,3,23,3,11637
82,1994,3,24,4,11904
83,1994,3,25,5,11568
84,1994,3,26,6,8957
85,1994,3,27,7,8189
86,1994,3,28,1,11051
87,1994,3,29,2,12154
88,1994,3,30,3,11540
89,1994,3,31,4,11782
90,1994,4,1,5,10630
91,1994,4,2,6,8782
92,1994,4,3,7,7530
93,1994,4,4,1,10909
94,1994,4,5,2,11876
95,1994,4,6,3,11811
96,1994,4,7,4,11718
97,1994,4,8,5,11532
98,1994,4,9,6,8791
99,1994,4,10,7,8183
100,1994,4,11,1,11060
101,1994,4,12,2,12146
102,1994,4,13,3,11428
103,1994,4,14,4,11709
104,1994,4,15,5,11753
105,1994,4,16,6,8790
106,1994,4,17,7,7867
107,1994,4,18,1,11094
108,1994,4,19,2,11966
109,1994,4,20,3,11585
110,1994,4,21,4,11509
111,1994,4,22,5,11553
112,1994,4,23,6,8613
113,1994,4,24,7,8089
114,1994,4,25,1,10909
115,1994,4,26,2,12236
116,1994,4,27,3,11701
117,1994,4,28,4,11527
118,1994,4,29,5,11474
119,1994,4,30,6,8621
120,1994,5,1,7,8145
121,1994,5,2,1,11169
122,1994,5,3,2,12023
123,1994,5,4,3,11754
124,1994,5,5,4,11958
125,1994,5,6,5,11904
126,1994,5,7,6,8641
127,1994,5,8,7,8203
128,1994,5,9,1,10914
129,1994,5,10,2,11771
130,1994,5,11,3,11278
131,1994,5,12,4,11822
132,1994,5,13,5,11085
133,1994,5,14,6,8830
134,1994,5,15,7,8253
135,1994,5,16,1,11103
136,1994,5,17,2,12289
137,1994,5,18,3,11668
138,1994,5,19,4,11411
139,1994,5,20,5,11645
140,1994,5,21,6,8830
141,1994,5,22,7,8449
142,1994,5,23,1,11434
143,1994,5,24,2,12562
144,1994,5,25,3,12005
145,1994,5,26,4,11979
146,1994,5,27,5,12132
147,1994,5,28,6,8840
148,1994,5,29,7,8205
149,1994,5,30,1,8468
150,1994,5,31,2,11525
151,1994,6,1,3,12349
152,1994,6,2,4,12166
153,1994,6,3,5,11799
154,1994,6,4,6,9182
155,1994,6,5,7,8289
156,1994,6,6,1,11130
157,1994,6,7,2,12145
158,1994,6,8,3,11784
159,1994,6,9,4,11648
160,1994,6,10,5,12006
161,1994,6,11,6,8618
162,1994,6,12,7,8171
163,1994,6,13,1,10692
164,1994,6,14,2,12074
165,1994,6,15,3,11954
166,1994,6,16,4,11852
167,1994,6,17,5,11744
168,1994,6,18,6,8907
169,1994,6,19,7,8302
170,1994,6,20,1,11337
171,1994,6,21,2,12182
172,1994,6,22,3,12213
173,1994,6,23,4,11939
174,1994,6,24,5,11979
175,1994,6,25,6,9047
176,1994,6,26,7,8306
177,1994,6,27,1,11309
178,1994,6,28,2,12211
179,1994,6,29,3,12245
180,1994,6,30,4,12157
181,1994,7,1,5,12454
182,1994,7,2,6,9268
183,1994,7,3,7,8298
184,1994,7,4,1,8564
185,1994,7,5,2,11609
186,1994,7,6,3,13086
187,1994,7,7,4,13049
188,1994,7,8,5,12623
189,1994,7,9,6,9325
190,1994,7,10,7,8684
191,1994,7,11,1,11567
192,1994,7,12,2,12507
193,1994,7,13,3,12134
194,1994,7,14,4,12485
195,1994,7,15,5,12691
196,1994,7,16,6,9547
197,1994,7,17,7,8848
198,1994,7,18,1,11561
199,1994,7,19,2,12583
200,1994,7,20,3,12378
201,1994,7,21,4,12447
202,1994,7,22,5,12486
203,1994,7,23,6,9463
204,1994,7,24,7,8734
205,1994,7,25,1,11757
206,1994,7,26,2,12591
207,1994,7,27,3,12423
208,1994,7,28,4,12539
209,1994,7,29,5,12231
210,1994,7,30,6,9340
211,1994,7,31,7,8590
212,1994,8,1,1,11428
213,1994,8,2,2,12622
214,1994,8,3,3,12147
215,1994,8,4,4,12601
216,1994,8,5,5,12251
217,1994,8,6,6,9336
218,1994,8,7,7,8517
219,1994,8,8,1,11528
220,1994,8,9,2,12643
221,1994,8,10,3,12525
222,1994,8,11,4,12147
223,1994,8,12,5,12479
224,1994,8,13,6,9474
225,1994,8,14,7,8926
226,1994,8,15,1,11391
227,1994,8,16,2,12605
228,1994,8,17,3,12344
229,1994,8,18,4,12313
230,1994,8,19,5,12227
231,1994,8,20,6,9646
232,1994,8,21,7,8663
233,1994,8,22,1,11489
234,1994,8,23,2,12284
235,1994,8,24,3,12176
236,1994,8,25,4,12076
237,1994,8,26,5,12122
238,1994,8,27,6,9171
239,1994,8,28,7,8779
240,1994,8,29,1,11560
241,1994,8,30,2,12431
242,1994,8,31,3,12272
243,1994,9,1,4,12183
244,1994,9,2,5,12099
245,1994,9,3,6,9042
246,1994,9,4,7,8420
247,1994,9,5,1,8378
248,1994,9,6,2,11448
249,1994,9,7,3,12660
250,1994,9,8,4,12693
251,1994,9,9,5,12811
252,1994,9,10,6,9424
253,1994,9,11,7,8373
254,1994,9,12,1,11500
255,1994,9,13,2,12560
256,1994,9,14,3,12566
257,1994,9,15,4,12655
258,1994,9,16,5,12884
259,1994,9,17,6,9779
260,1994,9,18,7,8603
261,1994,9,19,1,11659
262,1994,9,20,2,12584
263,1994,9,21,3,12468
264,1994,9,22,4,12590
265,1994,9,23,5,12522
266,1994,9,24,6,9597
267,1994,9,25,7,8754
268,1994,9,26,1,11597
269,1994,9,27,2,12591
270,1994,9,28,3,12405
271,1994,9,29,4,12288
272,1994,9,30,5,12090
273,1994,10,1,6,9351
274,1994,10,2,7,8477
275,1994,10,3,1,11437
276,1994,10,4,2,12378
277,1994,10,5,3,12061
278,1994,10,6,4,12017
279,1994,10,7,5,12050
280,1994,10,8,6,8981
281,1994,10,9,7,8038
282,1994,10,10,1,11110
283,1994,10,11,2,12236
284,1994,10,12,3,11846
285,1994,10,13,4,11398
286,1994,10,14,5,11959
287,1994,10,15,6,9077
288,1994,10,16,7,8022
289,1994,10,17,1,11127
290,1994,10,18,2,11888
291,1994,10,19,3,11533
292,1994,10,20,4,11876
293,1994,10,21,5,11562
294,1994,10,22,6,9086
295,1994,10,23,7,7914
296,1994,10,24,1,11068
297,1994,10,25,2,12019
298,1994,10,26,3,11683
299,1994,10,27,4,11420
300,1994,10,28,5,11608
301,1994,10,29,6,8855
302,1994,10,30,7,8262
303,1994,10,31,1,9833
304,1994,11,1,2,12316
305,1994,11,2,3,11736
306,1994,11,3,4,11703
307,1994,11,4,5,11956
308,1994,11,5,6,8826
309,1994,11,6,7,8100
310,1994,11,7,1,11283
311,1994,11,8,2,11999
312,1994,11,9,3,11811
313,1994,11,10,4,11728
314,1994,11,11,5,11533
315,1994,11,12,6,8672
316,1994,11,13,7,8093
317,1994,11,14,1,11044
318,1994,11,15,2,11985
319,1994,11,16,3,11634
320,1994,11,17,4,11703
321,1994,11,18,5,11826
322,1994,11,19,6,8771
323,1994,11,20,7,8133
324,1994,11,21,1,11807
325,1994,11,22,2,12764
326,1994,11,23,3,11332
327,1994,11,24,4,8036
328,1994,11,25,5,9419
329,1994,11,26,6,8427
330,1994,11,27,7,7937
331,1994,11,28,1,11003
332,1994,11,29,2,12177
333,1994,11,30,3,11643
334,1994,12,1,4,11681
335,1994,12,2,5,11379
336,1994,12,3,6,8585
337,1994,12,4,7,7980
338,1994,12,5,1,10772
339,1994,12,6,2,11923
340,1994,12,7,3,11335
341,1994,12,8,4,11337
342,1994,12,9,5,11205
343,1994,12,10,6,8461
344,1994,12,11,7,7936
345,1994,12,12,1,11106
346,1994,12,13,2,11884
347,1994,12,14,3,11716
348,1994,12,15,4,11962
349,1994,12,16,5,12144
350,1994,12,17,6,8726
351,1994,12,18,7,8130
352,1994,12,19,1,11502
353,1994,12,20,2,12880
354,1994,12,21,3,12391
355,1994,12,22,4,11504
356,1994,12,23,5,10087
357,1994,12,24,6,7898
358,1994,12,25,7,7192
359,1994,12,26,1,8454
360,1994,12,27,2,11131
361,1994,12,28,3,12398
362,1994,12,29,4,12189
363,1994,12,30,5,12051
364,1994,12,31,6,8809
365,1995,1,1,7,7828
366,1995,1,2,1,7883
367,1995,1,3,2,9999
368,1995,1,4,3,11315
369,1995,1,5,4,11243
370,1995,1,6,5,11506
371,1995,1,7,6,8681
372,1995,1,8,7,7821
373,1995,1,9,1,10434
374,1995,1,10,2,11665
375,1995,1,11,3,11279
376,1995,1,12,4,11416
377,1995,1,13,5,11071
378,1995,1,14,6,8887
379,1995,1,15,7,7988
380,1995,1,16,1,10417
381,1995,1,17,2,11345
382,1995,1,18,3,11252
383,1995,1,19,4,11331
384,1995,1,20,5,11481
385,1995,1,21,6,8746
386,1995,1,22,7,7956
387,1995,1,23,1,10640
388,1995,1,24,2,11344
389,1995,1,25,3,11096
390,1995,1,26,4,11380
391,1995,1,27,5,11340
392,1995,1,28,6,8781
393,1995,1,29,7,8009
394,1995,1,30,1,10515
395,1995,1,31,2,11364
396,1995,2,1,3,11279
397,1995,2,2,4,11490
398,1995,2,3,5,11264
399,1995,2,4,6,8769
400,1995,2,5,7,8017
401,1995,2,6,1,10587
402,1995,2,7,2,11483
403,1995,2,8,3,11205
404,1995,2,9,4,11282
405,1995,2,10,5,11615
406,1995,2,11,6,8949
407,1995,2,12,7,8007
408,1995,2,13,1,10351
409,1995,2,14,2,12454
410,1995,2,15,3,11828
411,1995,2,16,4,11657
412,1995,2,17,5,11625
413,1995,2,18,6,8788
414,1995,2,19,7,8038
415,1995,2,20,1,10258
416,1995,2,21,2,11582
417,1995,2,22,3,11716
418,1995,2,23,4,11786
419,1995,2,24,5,11671
420,1995,2,25,6,8829
421,1995,2,26,7,8183
422,1995,2,27,1,10702
423,1995,2,28,2,11679
424,1995,3,1,3,11540
425,1995,3,2,4,11377
426,1995,3,3,5,11649
427,1995,3,4,6,8807
428,1995,3,5,7,7984
429,1995,3,6,1,10810
430,1995,3,7,2,12115
431,1995,3,8,3,11618
432,1995,3,9,4,11380
433,1995,3,10,5,11827
434,1995,3,11,6,8744
435,1995,3,12,7,7859
436,1995,3,13,1,10609
437,1995,3,14,2,11750
438,1995,3,15,3,11736
439,1995,3,16,4,11751
440,1995,3,17,5,11953
441,1995,3,18,6,8538
442,1995,3,19,7,7787
443,1995,3,20,1,10588
444,1995,3,21,2,11837
445,1995,3,22,3,11485
446,1995,3,23,4,11435
447,1995,3,24,5,11329
448,1995,3,25,6,8628
449,1995,3,26,7,7614
450,1995,3,27,1,10541
451,1995,3,28,2,11563
452,1995,3,29,3,11125
453,1995,3,30,4,11205
454,1995,3,31,5,11319
455,1995,4,1,6,8398
456,1995,4,2,7,7547
457,1995,4,3,1,10651
458,1995,4,4,2,11960
459,1995,4,5,3,11475
460,1995,4,6,4,11429
461,1995,4,7,5,11587
462,1995,4,8,6,8588
463,1995,4,9,7,7839
464,1995,4,10,1,10930
465,1995,4,11,2,11939
466,1995,4,12,3,11750
467,1995,4,13,4,11411
468,1995,4,14,5,10687
469,1995,4,15,6,8492
470,1995,4,16,7,7503
471,1995,4,17,1,10640
472,1995,4,18,2,11652
473,1995,4,19,3,11680
474,1995,4,20,4,11504
475,1995,4,21,5,11445
476,1995,4,22,6,8560
477,1995,4,23,7,7749
478,1995,4,24,1,11014
479,1995,4,25,2,11811
480,1995,4,26,3,11551
481,1995,4,27,4,11601
482,1995,4,28,5,11457
483,1995,4,29,6,8492
484,1995,4,30,7,7777
485,1995,5,1,1,11090
486,1995,5,2,2,12119
487,1995,5,3,3,11502
488,1995,5,4,4,11800
489,1995,5,5,5,11718
490,1995,5,6,6,8565
491,1995,5,7,7,7965
492,1995,5,8,1,10790
493,1995,5,9,2,11728
494,1995,5,10,3,11723
495,1995,5,11,4,11723
496,1995,5,12,5,11625
497,1995,5,13,6,8802
498,1995,5,14,7,8165
499,1995,5,15,1,11143
500,1995,5,16,2,12101
501,1995,5,17,3,12085
502,1995,5,18,4,11872
503,1995,5,19,5,11692
504,1995,5,20,6,8721
505,1995,5,21,7,8096
506,1995,5,22,1,11250
507,1995,5,23,2,12539
508,1995,5,24,3,12193
509,1995,5,25,4,12285
510,1995,5,26,5,12246
511,1995,5,27,6,8795
512,1995,5,28,7,8167
513,1995,5,29,1,8379
514,1995,5,30,2,11271
515,1995,5,31,3,12393
516,1995,6,1,4,12243
517,1995,6,2,5,11991
518,1995,6,3,6,9069
519,1995,6,4,7,8059
520,1995,6,5,1,11152
521,1995,6,6,2,12119
522,1995,6,7,3,11774
523,1995,6,8,4,12031
524,1995,6,9,5,11645
525,1995,6,10,6,8719
526,1995,6,11,7,8149
527,1995,6,12,1,11169
528,1995,6,13,2,11790
529,1995,6,14,3,11958
530,1995,6,15,4,11906
531,1995,6,16,5,11856
532,1995,6,17,6,8821
533,1995,6,18,7,8203
534,1995,6,19,1,11223
535,1995,6,20,2,12395
536,1995,6,21,3,12049
537,1995,6,22,4,11799
538,1995,6,23,5,11942
539,1995,6,24,6,9065
540,1995,6,25,7,8279
541,1995,6,26,1,11127
542,1995,6,27,2,12349
543,1995,6,28,3,12162
544,1995,6,29,4,12423
545,1995,6,30,5,12338
546,1995,7,1,6,9283
547,1995,7,2,7,8256
548,1995,7,3,1,10623
549,1995,7,4,2,9374
550,1995,7,5,3,11399
551,1995,7,6,4,12855
552,1995,7,7,5,12954
553,1995,7,8,6,9438
554,1995,7,9,7,8506
555,1995,7,10,1,11618
556,1995,7,11,2,12552
557,1995,7,12,3,12167
558,1995,7,13,4,12253
559,1995,7,14,5,12659
560,1995,7,15,6,9391
561,1995,7,16,7,8516
562,1995,7,17,1,11461
563,1995,7,18,2,12495
564,1995,7,19,3,12129
565,1995,7,20,4,12598
566,1995,7,21,5,12428
567,1995,7,22,6,9328
568,1995,7,23,7,8483
569,1995,7,24,1,11501
570,1995,7,25,2,12580
571,1995,7,26,3,12316
572,1995,7,27,4,12309
573,1995,7,28,5,12442
574,1995,7,29,6,9277
575,1995,7,30,7,8384
576,1995,7,31,1,11298
577,1995,8,1,2,12442
578,1995,8,2,3,12249
579,1995,8,3,4,12193
580,1995,8,4,5,12186
581,1995,8,5,6,9267
582,1995,8,6,7,8346
583,1995,8,7,1,11223
584,1995,8,8,2,12441
585,1995,8,9,3,12217
586,1995,8,10,4,12243
587,1995,8,11,5,12154
588,1995,8,12,6,9153
589,1995,8,13,7,8421
590,1995,8,14,1,11297
591,1995,8,15,2,12760
592,1995,8,16,3,12244
593,1995,8,17,4,12345
594,1995,8,18,5,12362
595,1995,8,19,6,9265
596,1995,8,20,7,8434
597,1995,8,21,1,11436
598,1995,8,22,2,12612
599,1995,8,23,3,12083
600,1995,8,24,4,12381
601,1995,8,25,5,12208
602,1995,8,26,6,9155
603,1995,8,27,7,8509
604,1995,8,28,1,11473
605,1995,8,29,2,12522
606,1995,8,30,3,12631
607,1995,8,31,4,12485
608,1995,9,1,5,12439
609,1995,9,2,6,9079
610,1995,9,3,7,8438
611,1995,9,4,1,8441
612,1995,9,5,2,11682
613,1995,9,6,3,12951
614,1995,9,7,4,12924
615,1995,9,8,5,12939
616,1995,9,9,6,9714
617,1995,9,10,7,8568
618,1995,9,11,1,11480
619,1995,9,12,2,12583
620,1995,9,13,3,12173
621,1995,9,14,4,12789
622,1995,9,15,5,13023
623,1995,9,16,6,9535
624,1995,9,17,7,8757
625,1995,9,18,1,11729
626,1995,9,19,2,12692
627,1995,9,20,3,12571
628,1995,9,21,4,12663
629,1995,9,22,5,12813
630,1995,9,23,6,9341
631,1995,9,24,7,8659
632,1995,9,25,1,11552
633,1995,9,26,2,12814
634,1995,9,27,3,12605
635,1995,9,28,4,12845
636,1995,9,29,5,12316
637,1995,9,30,6,8988
638,1995,10,1,7,8545
639,1995,10,2,1,11650
640,1995,10,3,2,12375
641,1995,10,4,3,12016
642,1995,10,5,4,12245
643,1995,10,6,5,12081
644,1995,10,7,6,9048
645,1995,10,8,7,7997
646,1995,10,9,1,10892
647,1995,10,10,2,12273
648,1995,10,11,3,11843
649,1995,10,12,4,12002
650,1995,10,13,5,11078
651,1995,10,14,6,8920
652,1995,10,15,7,7996
653,1995,10,16,1,10840
654,1995,10,17,2,11974
655,1995,10,18,3,11693
656,1995,10,19,4,11463
657,1995,10,20,5,11610
658,1995,10,21,6,8673
659,1995,10,22,7,7827
660,1995,10,23,1,10770
661,1995,10,24,2,11916
662,1995,10,25,3,11573
663,1995,10,26,4,11534
664,1995,10,27,5,11449
665,1995,10,28,6,8633
666,1995,10,29,7,7876
667,1995,10,30,1,10480
668,1995,10,31,2,10740
669,1995,11,1,3,11702
670,1995,11,2,4,11746
671,1995,11,3,5,11368
672,1995,11,4,6,8438
673,1995,11,5,7,7868
674,1995,11,6,1,10809
675,1995,11,7,2,12038
676,1995,11,8,3,11702
677,1995,11,9,4,11441
678,1995,11,10,5,11246
679,1995,11,11,6,8522
680,1995,11,12,7,7891
681,1995,11,13,1,10534
682,1995,11,14,2,11455
683,1995,11,15,3,11629
684,1995,11,16,4,11436
685,1995,11,17,5,11410
686,1995,11,18,6,8493
687,1995,11,19,7,7772
688,1995,11,20,1,11476
689,1995,11,21,2,12503
690,1995,11,22,3,11304
691,1995,11,23,4,7754
692,1995,11,24,5,9125
693,1995,11,25,6,8115
694,1995,11,26,7,7500
695,1995,11,27,1,10979
696,1995,11,28,2,12002
697,1995,11,29,3,11344
698,1995,11,30,4,11215
699,1995,12,1,5,11206
700,1995,12,2,6,8429
701,1995,12,3,7,7703
702,1995,12,4,1,10346
703,1995,12,5,2,11676
704,1995,12,6,3,11188
705,1995,12,7,4,11242
706,1995,12,8,5,11166
707,1995,12,9,6,8201
708,1995,12,10,7,7595
709,1995,12,11,1,10429
710,1995,12,12,2,11784
711,1995,12,13,3,11191
712,1995,12,14,4,11403
713,1995,12,15,5,11458
714,1995,12,16,6,8509
715,1995,12,17,7,7759
716,1995,12,18,1,11139
717,1995,12,19,2,12501
718,1995,12,20,3,12043
719,1995,12,21,4,11944
720,1995,12,22,5,11204
721,1995,12,23,6,8058
722,1995,12,24,7,6999
723,1995,12,25,1,7027
724,1995,12,26,2,9447
725,1995,12,27,3,11897
726,1995,12,28,4,12530
727,1995,12,29,5,12207
728,1995,12,30,6,9093
729,1995,12,31,7,7596
730,1996,1,1,1,7683
731,1996,1,2,2,9408
732,1996,1,3,3,10954
733,1996,1,4,4,11308
734,1996,1,5,5,11631
735,1996,1,6,6,8680
736,1996,1,7,7,7735
737,1996,1,8,1,10044
738,1996,1,9,2,11018
739,1996,1,10,3,11144
740,1996,1,11,4,11304
741,1996,1,12,5,11274
742,1996,1,13,6,8488
743,1996,1,14,7,7685
744,1996,1,15,1,9912
745,1996,1,16,2,11181
746,1996,1,17,3,11148
747,1996,1,18,4,11579
748,1996,1,19,5,11292
749,1996,1,20,6,8492
750,1996,1,21,7,7701
751,1996,1,22,1,10593
752,1996,1,23,2,11451
753,1996,1,24,3,11336
754,1996,1,25,4,11405
755,1996,1,26,5,11195
756,1996,1,27,6,8487
757,1996,1,28,7,7533
758,1996,1,29,1,10374
759,1996,1,30,2,11359
760,1996,1,31,3,10889
761,1996,2,1,4,11030
762,1996,2,2,5,11335
763,1996,2,3,6,8390
764,1996,2,4,7,7531
765,1996,2,5,1,10364
766,1996,2,6,2,11360
767,1996,2,7,3,11204
768,1996,2,8,4,11529
769,1996,2,9,5,11577
770,1996,2,10,6,8578
771,1996,2,11,7,7710
772,1996,2,12,1,10542
773,1996,2,13,2,11322
774,1996,2,14,3,12094
775,1996,2,15,4,11820
776,1996,2,16,5,11666
777,1996,2,17,6,8465
778,1996,2,18,7,7763
779,1996,2,19,1,10036
780,1996,2,20,2,11598
781,1996,2,21,3,11554
782,1996,2,22,4,11697
783,1996,2,23,5,11415
784,1996,2,24,6,8692
785,1996,2,25,7,7917
786,1996,2,26,1,10693
787,1996,2,27,2,11761
788,1996,2,28,3,11428
789,1996,2,29,4,10692
790,1996,3,1,5,11785
791,1996,3,2,6,8719
792,1996,3,3,7,7885
793,1996,3,4,1,10586
794,1996,3,5,2,11475
795,1996,3,6,3,11535
796,1996,3,7,4,11446
797,1996,3,8,5,11272
798,1996,3,9,6,8611
799,1996,3,10,7,7512
800,1996,3,11,1,10668
801,1996,3,12,2,11623
802,1996,3,13,3,11338
803,1996,3,14,4,11578
804,1996,3,15,5,11860
805,1996,3,16,6,8691
806,1996,3,17,7,8010
807,1996,3,18,1,10812
808,1996,3,19,2,11764
809,1996,3,20,3,11482
810,1996,3,21,4,11653
811,1996,3,22,5,11727
812,1996,3,23,6,8534
813,1996,3,24,7,8002
814,1996,3,25,1,10662
815,1996,3,26,2,11764
816,1996,3,27,3,11532
817,1996,3,28,4,11728
818,1996,3,29,5,11659
819,1996,3,30,6,8712
820,1996,3,31,7,7956
821,1996,4,1,1,10173
822,1996,4,2,2,12055
823,1996,4,3,3,11622
824,1996,4,4,4,11881
825,1996,4,5,5,10985
826,1996,4,6,6,8354
827,1996,4,7,7,7372
828,1996,4,8,1,10659
829,1996,4,9,2,11631
830,1996,4,10,3,11429
831,1996,4,11,4,11489
832,1996,4,12,5,11462
833,1996,4,13,6,8565
834,1996,4,14,7,7687
835,1996,4,15,1,10548
836,1996,4,16,2,11754
837,1996,4,17,3,11554
838,1996,4,18,4,11282
839,1996,4,19,5,11438
840,1996,4,20,6,8451
841,1996,4,21,7,7789
842,1996,4,22,1,10957
843,1996,4,23,2,11979
844,1996,4,24,3,11342
845,1996,4,25,4,11340
846,1996,4,26,5,11070
847,1996,4,27,6,8444
848,1996,4,28,7,7567
849,1996,4,29,1,10325
850,1996,4,30,2,11391
851,1996,5,1,3,11390
852,1996,5,2,4,11397
853,1996,5,3,5,11011
854,1996,5,4,6,8483
855,1996,5,5,7,7821
856,1996,5,6,1,10585
857,1996,5,7,2,11567
858,1996,5,8,3,11403
859,1996,5,9,4,11404
860,1996,5,10,5,11471
861,1996,5,11,6,8495
862,1996,5,12,7,7758
863,1996,5,13,1,10291
864,1996,5,14,2,11757
865,1996,5,15,3,11619
866,1996,5,16,4,11637
867,1996,5,17,5,11370
868,1996,5,18,6,8696
869,1996,5,19,7,7906
870,1996,5,20,1,11073
871,1996,5,21,2,11962
872,1996,5,22,3,11733
873,1996,5,23,4,11511
874,1996,5,24,5,11835
875,1996,5,25,6,8666
876,1996,5,26,7,7746
877,1996,5,27,1,8034
878,1996,5,28,2,11151
879,1996,5,29,3,12119
880,1996,5,30,4,11964
881,1996,5,31,5,11853
882,1996,6,1,6,8866
883,1996,6,2,7,7962
884,1996,6,3,1,10916
885,1996,6,4,2,11783
886,1996,6,5,3,11695
887,1996,6,6,4,11849
888,1996,6,7,5,11750
889,1996,6,8,6,8739
890,1996,6,9,7,8013
891,1996,6,10,1,10927
892,1996,6,11,2,11978
893,1996,6,12,3,11710
894,1996,6,13,4,11521
895,1996,6,14,5,11644
896,1996,6,15,6,8783
897,1996,6,16,7,8004
898,1996,6,17,1,10981
899,1996,6,18,2,12105
900,1996,6,19,3,11779
901,1996,6,20,4,12052
902,1996,6,21,5,11759
903,1996,6,22,6,8946
904,1996,6,23,7,8128
905,1996,6,24,1,11080
906,1996,6,25,2,12150
907,1996,6,26,3,12154
908,1996,6,27,4,11957
909,1996,6,28,5,12057
910,1996,6,29,6,8956
911,1996,6,30,7,8281
912,1996,7,1,1,11779
913,1996,7,2,2,13167
914,1996,7,3,3,12563
915,1996,7,4,4,9358
916,1996,7,5,5,10823
917,1996,7,6,6,9044
918,1996,7,7,7,8248
919,1996,7,8,1,11385
920,1996,7,9,2,12623
921,1996,7,10,3,12362
922,1996,7,11,4,12256
923,1996,7,12,5,11976
924,1996,7,13,6,9152
925,1996,7,14,7,8358
926,1996,7,15,1,11421
927,1996,7,16,2,12619
928,1996,7,17,3,12660
929,1996,7,18,4,12247
930,1996,7,19,5,12049
931,1996,7,20,6,9107
932,1996,7,21,7,8349
933,1996,7,22,1,11164
934,1996,7,23,2,12731
935,1996,7,24,3,12214
936,1996,7,25,4,12307
937,1996,7,26,5,12082
938,1996,7,27,6,9012
939,1996,7,28,7,8227
940,1996,7,29,1,11232
941,1996,7,30,2,12519
942,1996,7,31,3,12128
943,1996,8,1,4,12153
944,1996,8,2,5,12088
945,1996,8,3,6,9174
946,1996,8,4,7,8327
947,1996,8,5,1,11268
948,1996,8,6,2,12508
949,1996,8,7,3,12277
950,1996,8,8,4,12385
951,1996,8,9,5,12167
952,1996,8,10,6,9175
953,1996,8,11,7,8310
954,1996,8,12,1,11499
955,1996,8,13,2,12407
956,1996,8,14,3,12294
957,1996,8,15,4,12180
958,1996,8,16,5,12419
959,1996,8,17,6,9290
960,1996,8,18,7,8305
961,1996,8,19,1,11392
962,1996,8,20,2,12270
963,1996,8,21,3,12338
964,1996,8,22,4,12291
965,1996,8,23,5,12213
966,1996,8,24,6,9130
967,1996,8,25,7,8212
968,1996,8,26,1,11201
969,1996,8,27,2,12573
970,1996,8,28,3,12339
971,1996,8,29,4,12509
972,1996,8,30,5,12479
973,1996,8,31,6,9144
974,1996,9,1,7,8250
975,1996,9,2,1,8331
976,1996,9,3,2,11506
977,1996,9,4,3,12970
978,1996,9,5,4,12657
979,1996,9,6,5,12629
980,1996,9,7,6,9396
981,1996,9,8,7,8354
982,1996,9,9,1,11543
983,1996,9,10,2,12662
984,1996,9,11,3,12420
985,1996,9,12,4,12486
986,1996,9,13,5,12019
987,1996,9,14,6,9323
988,1996,9,15,7,8561
989,1996,9,16,1,12107
990,1996,9,17,2,13063
991,1996,9,18,3,12630
992,1996,9,19,4,12535
993,1996,9,20,5,12754
994,1996,9,21,6,9492
995,1996,9,22,7,8694
996,1996,9,23,1,11605
997,1996,9,24,2,12910
998,1996,9,25,3,12768
999,1996,9,26,4,12684
1000,1996,9,27,5,12756
1001,1996,9,28,6,9359
1002,1996,9,29,7,8393
1003,1996,9,30,1,11491
1004,1996,10,1,2,12851
1005,1996,10,2,3,12347
1006,1996,10,3,4,12248
1007,1996,10,4,5,12224
1008,1996,10,5,6,8900
1009,1996,10,6,7,7960
1010,1996,10,7,1,11186
1011,1996,10,8,2,12311
1012,1996,10,9,3,12069
1013,1996,10,10,4,12157
1014,1996,10,11,5,11582
1015,1996,10,12,6,8710
1016,1996,10,13,7,7970
1017,1996,10,14,1,10770
1018,1996,10,15,2,12272
1019,1996,10,16,3,11894
1020,1996,10,17,4,11764
1021,1996,10,18,5,11495
1022,1996,10,19,6,8459
1023,1996,10,20,7,7786
1024,1996,10,21,1,10790
1025,1996,10,22,2,11857
1026,1996,10,23,3,11807
1027,1996,10,24,4,11538
1028,1996,10,25,5,11618
1029,1996,10,26,6,8695
1030,1996,10,27,7,8061
1031,1996,10,28,1,10846
1032,1996,10,29,2,12054
1033,1996,10,30,3,11812
1034,1996,10,31,4,10313
1035,1996,11,1,5,11717
1036,1996,11,2,6,8614
1037,1996,11,3,7,7753
1038,1996,11,4,1,10846
1039,1996,11,5,2,12019
1040,1996,11,6,3,11575
1041,1996,11,7,4,11854
1042,1996,11,8,5,11880
1043,1996,11,9,6,8780
1044,1996,11,10,7,7666
1045,1996,11,11,1,10586
1046,1996,11,12,2,11687
1047,1996,11,13,3,11065
1048,1996,11,14,4,11516
1049,1996,11,15,5,11523
1050,1996,11,16,6,8562
1051,1996,11,17,7,7808
1052,1996,11,18,1,10712
1053,1996,11,19,2,12001
1054,1996,11,20,3,11557
1055,1996,11,21,4,11617
1056,1996,11,22,5,11713
1057,1996,11,23,6,8535
1058,1996,11,24,7,7452
1059,1996,11,25,1,11352
1060,1996,11,26,2,12451
1061,1996,11,27,3,11169
1062,1996,11,28,4,7770
1063,1996,11,29,5,9302
1064,1996,11,30,6,8315
1065,1996,12,1,7,7929
1066,1996,12,2,1,10969
1067,1996,12,3,2,12123
1068,1996,12,4,3,11837
1069,1996,12,5,4,11587
1070,1996,12,6,5,11547
1071,1996,12,7,6,8505
1072,1996,12,8,7,7730
1073,1996,12,9,1,10642
1074,1996,12,10,2,11900
1075,1996,12,11,3,11521
1076,1996,12,12,4,11845
1077,1996,12,13,5,10623
1078,1996,12,14,6,8618
1079,1996,12,15,7,7717
1080,1996,12,16,1,11193
1081,1996,12,17,2,12379
1082,1996,12,18,3,12116
1083,1996,12,19,4,12181
1084,1996,12,20,5,12552
1085,1996,12,21,6,8684
1086,1996,12,22,7,7749
1087,1996,12,23,1,10604
1088,1996,12,24,2,9114
1089,1996,12,25,3,7092
1090,1996,12,26,4,10321
1091,1996,12,27,5,12260
1092,1996,12,28,6,9103
1093,1996,12,29,7,8193
1094,1996,12,30,1,11911
1095,1996,12,31,2,11924
1096,1997,1,1,3,8349
1097,1997,1,2,4,9914
1098,1997,1,3,5,11196
1099,1997,1,4,6,8617
1100,1997,1,5,7,7657
1101,1997,1,6,1,10456
1102,1997,1,7,2,11615
1103,1997,1,8,3,10872
1104,1997,1,9,4,10981
1105,1997,1,10,5,11545
1106,1997,1,11,6,8368
1107,1997,1,12,7,7524
1108,1997,1,13,1,10267
1109,1997,1,14,2,11502
1110,1997,1,15,3,11319
1111,1997,1,16,4,11311
1112,1997,1,17,5,11321
1113,1997,1,18,6,8340
1114,1997,1,19,7,7527
1115,1997,1,20,1,10444
1116,1997,1,21,2,11536
1117,1997,1,22,3,11508
1118,1997,1,23,4,11511
1119,1997,1,24,5,11410
1120,1997,1,25,6,8634
1121,1997,1,26,7,7526
1122,1997,1,27,1,10527
1123,1997,1,28,2,11661
1124,1997,1,29,3,11084
1125,1997,1,30,4,11171
1126,1997,1,31,5,11518
1127,1997,2,1,6,8488
1128,1997,2,2,7,7706
1129,1997,2,3,1,10596
1130,1997,2,4,2,11621
1131,1997,2,5,3,11291
1132,1997,2,6,4,11228
1133,1997,2,7,5,11538
1134,1997,2,8,6,8411
1135,1997,2,9,7,7566
1136,1997,2,10,1,10778
1137,1997,2,11,2,11734
1138,1997,2,12,3,11548
1139,1997,2,13,4,11288
1140,1997,2,14,5,12321
1141,1997,2,15,6,8805
1142,1997,2,16,7,7670
1143,1997,2,17,1,10023
1144,1997,2,18,2,11126
1145,1997,2,19,3,11574
1146,1997,2,20,4,11571
1147,1997,2,21,5,11458
1148,1997,2,22,6,8845
1149,1997,2,23,7,7553
1150,1997,2,24,1,10481
1151,1997,2,25,2,11566
1152,1997,2,26,3,11573
1153,1997,2,27,4,11666
1154,1997,2,28,5,11516
1155,1997,3,1,6,8589
1156,1997,3,2,7,7681
1157,1997,3,3,1,10837
1158,1997,3,4,2,11909
1159,1997,3,5,3,11570
1160,1997,3,6,4,11523
1161,1997,3,7,5,11571
1162,1997,3,8,6,8700
1163,1997,3,9,7,7649
1164,1997,3,10,1,10691
1165,1997,3,11,2,11944
1166,1997,3,12,3,11661
1167,1997,3,13,4,11397
1168,1997,3,14,5,11573
1169,1997,3,15,6,8521
1170,1997,3,16,7,7617
1171,1997,3,17,1,10881
1172,1997,3,18,2,11726
1173,1997,3,19,3,11550
1174,1997,3,20,4,11634
1175,1997,3,21,5,11846
1176,1997,3,22,6,8641
1177,1997,3,23,7,7594
1178,1997,3,24,1,10903
1179,1997,3,25,2,12160
1180,1997,3,26,3,11845
1181,1997,3,27,4,11745
1182,1997,3,28,5,11184
1183,1997,3,29,6,8329
1184,1997,3,30,7,7458
1185,1997,3,31,1,10283
1186,1997,4,1,2,10799
1187,1997,4,2,3,11662
1188,1997,4,3,4,11669
1189,1997,4,4,5,11657
1190,1997,4,5,6,8576
1191,1997,4,6,7,7207
1192,1997,4,7,1,10726
1193,1997,4,8,2,11840
1194,1997,4,9,3,11356
1195,1997,4,10,4,11499
1196,1997,4,11,5,11348
1197,1997,4,12,6,8444
1198,1997,4,13,7,7559
1199,1997,4,14,1,10620
1200,1997,4,15,2,11714
1201,1997,4,16,3,11652
1202,1997,4,17,4,11743
1203,1997,4,18,5,11560
1204,1997,4,19,6,8497
1205,1997,4,20,7,7673
1206,1997,4,21,1,10793
1207,1997,4,22,2,11979
1208,1997,4,23,3,11783
1209,1997,4,24,4,11755
1210,1997,4,25,5,11295
1211,1997,4,26,6,8285
1212,1997,4,27,7,7410
1213,1997,4,28,1,10265
1214,1997,4,29,2,11518
1215,1997,4,30,3,11346
1216,1997,5,1,4,11608
1217,1997,5,2,5,11686
1218,1997,5,3,6,8502
1219,1997,5,4,7,7868
1220,1997,5,5,1,10982
1221,1997,5,6,2,11855
1222,1997,5,7,3,11781
1223,1997,5,8,4,11861
1224,1997,5,9,5,11701
1225,1997,5,10,6,8568
1226,1997,5,11,7,7493
1227,1997,5,12,1,11247
1228,1997,5,13,2,12031
1229,1997,5,14,3,11703
1230,1997,5,15,4,12109
1231,1997,5,16,5,11749
1232,1997,5,17,6,8493
1233,1997,5,18,7,7845
1234,1997,5,19,1,11189
1235,1997,5,20,2,12346
1236,1997,5,21,3,11910
1237,1997,5,22,4,12023
1238,1997,5,23,5,12212
1239,1997,5,24,6,8756
1240,1997,5,25,7,7873
1241,1997,5,26,1,8079
1242,1997,5,27,2,11045
1243,1997,5,28,3,12545
1244,1997,5,29,4,12357
1245,1997,5,30,5,12061
1246,1997,5,31,6,8853
1247,1997,6,1,7,7763
1248,1997,6,2,1,10716
1249,1997,6,3,2,12037
1250,1997,6,4,3,11794
1251,1997,6,5,4,11826
1252,1997,6,6,5,11938
1253,1997,6,7,6,8678
1254,1997,6,8,7,7578
1255,1997,6,9,1,10854
1256,1997,6,10,2,12251
1257,1997,6,11,3,12075
1258,1997,6,12,4,11882
1259,1997,6,13,5,11214
1260,1997,6,14,6,8835
1261,1997,6,15,7,7777
1262,1997,6,16,1,11212
1263,1997,6,17,2,12190
1264,1997,6,18,3,11875
1265,1997,6,19,4,12012
1266,1997,6,20,5,12192
1267,1997,6,21,6,8751
1268,1997,6,22,7,8199
1269,1997,6,23,1,11031
1270,1997,6,24,2,12511
1271,1997,6,25,3,12264
1272,1997,6,26,4,12291
1273,1997,6,27,5,11916
1274,1997,6,28,6,9184
1275,1997,6,29,7,7823
1276,1997,6,30,1,11198
1277,1997,7,1,2,13003
1278,1997,7,2,3,12820
1279,1997,7,3,4,12433
1280,1997,7,4,5,9445
1281,1997,7,5,6,8255
1282,1997,7,6,7,7860
1283,1997,7,7,1,11501
1284,1997,7,8,2,12927
1285,1997,7,9,3,12292
1286,1997,7,10,4,12451
1287,1997,7,11,5,12132
1288,1997,7,12,6,8841
1289,1997,7,13,7,8092
1290,1997,7,14,1,11198
1291,1997,7,15,2,12625
1292,1997,7,16,3,12474
1293,1997,7,17,4,12552
1294,1997,7,18,5,12101
1295,1997,7,19,6,9055
1296,1997,7,20,7,7973
1297,1997,7,21,1,11410
1298,1997,7,22,2,12928
1299,1997,7,23,3,12319
1300,1997,7,24,4,11988
1301,1997,7,25,5,12178
1302,1997,7,26,6,8939
1303,1997,7,27,7,8213
1304,1997,7,28,1,11465
1305,1997,7,29,2,12482
1306,1997,7,30,3,12356
1307,1997,7,31,4,12198
1308,1997,8,1,5,12084
1309,1997,8,2,6,8775
1310,1997,8,3,7,8044
1311,1997,8,4,1,11189
1312,1997,8,5,2,12585
1313,1997,8,6,3,12046
1314,1997,8,7,4,12141
1315,1997,8,8,5,12110
1316,1997,8,9,6,8876
1317,1997,8,10,7,8174
1318,1997,8,11,1,11274
1319,1997,8,12,2,12632
1320,1997,8,13,3,11963
1321,1997,8,14,4,12342
1322,1997,8,15,5,12240
1323,1997,8,16,6,9066
1324,1997,8,17,7,8125
1325,1997,8,18,1,11387
1326,1997,8,19,2,12479
1327,1997,8,20,3,12394
1328,1997,8,21,4,12121
1329,1997,8,22,5,12081
1330,1997,8,23,6,8950
1331,1997,8,24,7,8053
1332,1997,8,25,1,11094
1333,1997,8,26,2,12577
1334,1997,8,27,3,12270
1335,1997,8,28,4,12475
1336,1997,8,29,5,12422
1337,1997,8,30,6,9078
1338,1997,8,31,7,8075
1339,1997,9,1,1,8116
1340,1997,9,2,2,11307
1341,1997,9,3,3,12720
1342,1997,9,4,4,12462
1343,1997,9,5,5,12454
1344,1997,9,6,6,9074
1345,1997,9,7,7,8281
1346,1997,9,8,1,11244
1347,1997,9,9,2,12457
1348,1997,9,10,3,12182
1349,1997,9,11,4,12467
1350,1997,9,12,5,12394
1351,1997,9,13,6,9053
1352,1997,9,14,7,8265
1353,1997,9,15,1,11584
1354,1997,9,16,2,12891
1355,1997,9,17,3,12793
1356,1997,9,18,4,12372
1357,1997,9,19,5,12560
1358,1997,9,20,6,8968
1359,1997,9,21,7,8253
1360,1997,9,22,1,11474
1361,1997,9,23,2,12621
1362,1997,9,24,3,12193
1363,1997,9,25,4,12132
1364,1997,9,26,5,12057
1365,1997,9,27,6,9119
1366,1997,9,28,7,8104
1367,1997,9,29,1,11453
1368,1997,9,30,2,12550
1369,1997,10,1,3,12161
1370,1997,10,2,4,11903
1371,1997,10,3,5,11939
1372,1997,10,4,6,8787
1373,1997,10,5,7,7726
1374,1997,10,6,1,11123
1375,1997,10,7,2,12261
1376,1997,10,8,3,11689
1377,1997,10,9,4,11623
1378,1997,10,10,5,11627
1379,1997,10,11,6,8489
1380,1997,10,12,7,7358
1381,1997,10,13,1,10180
1382,1997,10,14,2,11859
1383,1997,10,15,3,11450
1384,1997,10,16,4,11481
1385,1997,10,17,5,11451
1386,1997,10,18,6,8393
1387,1997,10,19,7,7604
1388,1997,10,20,1,10782
1389,1997,10,21,2,11957
1390,1997,10,22,3,11490
1391,1997,10,23,4,11561
1392,1997,10,24,5,11607
1393,1997,10,25,6,8438
1394,1997,10,26,7,8000
1395,1997,10,27,1,10824
1396,1997,10,28,2,11753
1397,1997,10,29,3,11593
1398,1997,10,30,4,11406
1399,1997,10,31,5,10142
1400,1997,11,1,6,8706
1401,1997,11,2,7,7884
1402,1997,11,3,1,10909
1403,1997,11,4,2,12210
1404,1997,11,5,3,11704
1405,1997,11,6,4,11608
1406,1997,11,7,5,11624
1407,1997,11,8,6,8577
1408,1997,11,9,7,7794
1409,1997,11,10,1,10796
1410,1997,11,11,2,12022
1411,1997,11,12,3,11485
1412,1997,11,13,4,11233
1413,1997,11,14,5,11615
1414,1997,11,15,6,8483
1415,1997,11,16,7,7757
1416,1997,11,17,1,10945
1417,1997,11,18,2,12014
1418,1997,11,19,3,11529
1419,1997,11,20,4,11754
1420,1997,11,21,5,11930
1421,1997,11,22,6,8769
1422,1997,11,23,7,7803
1423,1997,11,24,1,11583
1424,1997,11,25,2,12618
1425,1997,11,26,3,11216
1426,1997,11,27,4,7680
1427,1997,11,28,5,9172
1428,1997,11,29,6,8269
1429,1997,11,30,7,7593
1430,1997,12,1,1,11195
1431,1997,12,2,2,12509
1432,1997,12,3,3,11997
1433,1997,12,4,4,11810
1434,1997,12,5,5,11385
1435,1997,12,6,6,8316
1436,1997,12,7,7,7608
1437,1997,12,8,1,10696
1438,1997,12,9,2,11825
1439,1997,12,10,3,11555
1440,1997,12,11,4,11431
1441,1997,12,12,5,11380
1442,1997,12,13,6,8178
1443,1997,12,14,7,7504
1444,1997,12,15,1,11054
1445,1997,12,16,2,12506
1446,1997,12,17,3,12199
1447,1997,12,18,4,12543
1448,1997,12,19,5,12543
1449,1997,12,20,6,8997
1450,1997,12,21,7,7675
1451,1997,12,22,1,12021
1452,1997,12,23,2,12061
1453,1997,12,24,3,9129
1454,1997,12,25,4,7055
1455,1997,12,26,5,10075
1456,1997,12,27,6,8679
1457,1997,12,28,7,7864
1458,1997,12,29,1,12206
1459,1997,12,30,2,13521
1460,1997,12,31,3,11818
1461,1998,1,1,4,8213
1462,1998,1,2,5,9784
1463,1998,1,3,6,8437
1464,1998,1,4,7,7807
1465,1998,1,5,1,10556
1466,1998,1,6,2,11843
1467,1998,1,7,3,11428
1468,1998,1,8,4,11526
1469,1998,1,9,5,11469
1470,1998,1,10,6,8612
1471,1998,1,11,7,7642
1472,1998,1,12,1,10553
1473,1998,1,13,2,11850
1474,1998,1,14,3,11542
1475,1998,1,15,4,11491
1476,1998,1,16,5,11535
1477,1998,1,17,6,8698
1478,1998,1,18,7,7690
1479,1998,1,19,1,10325
1480,1998,1,20,2,11806
1481,1998,1,21,3,11650
1482,1998,1,22,4,11680
1483,1998,1,23,5,11389
1484,1998,1,24,6,8525
1485,1998,1,25,7,7586
1486,1998,1,26,1,10771
1487,1998,1,27,2,11813
1488,1998,1,28,3,11483
1489,1998,1,29,4,11513
1490,1998,1,30,5,11616
1491,1998,1,31,6,8507
1492,1998,2,1,7,7650
1493,1998,2,2,1,10867
1494,1998,2,3,2,11659
1495,1998,2,4,3,11745
1496,1998,2,5,4,11529
1497,1998,2,6,5,11573
1498,1998,2,7,6,8567
1499,1998,2,8,7,7952
1500,1998,2,9,1,11113
1501,1998,2,10,2,12166
1502,1998,2,11,3,11752
1503,1998,2,12,4,12329
1504,1998,2,13,5,11203
1505,1998,2,14,6,9112
1506,1998,2,15,7,7957
1507,1998,2,16,1,10471
1508,1998,2,17,2,11923
1509,1998,2,18,3,12022
1510,1998,2,19,4,11802
1511,1998,2,20,5,11879
1512,1998,2,21,6,8759
1513,1998,2,22,7,7779
1514,1998,2,23,1,10871
1515,1998,2,24,2,12185
1516,1998,2,25,3,11815
1517,1998,2,26,4,11817
1518,1998,2,27,5,11536
1519,1998,2,28,6,8678
1520,1998,3,1,7,7798
1521,1998,3,2,1,11019
1522,1998,3,3,2,12180
1523,1998,3,4,3,11740
1524,1998,3,5,4,12046
1525,1998,3,6,5,11811
1526,1998,3,7,6,8510
1527,1998,3,8,7,7699
1528,1998,3,9,1,10801
1529,1998,3,10,2,12150
1530,1998,3,11,3,11752
1531,1998,3,12,4,11883
1532,1998,3,13,5,11120
1533,1998,3,14,6,8697
1534,1998,3,15,7,7808
1535,1998,3,16,1,10836
1536,1998,3,17,2,12343
1537,1998,3,18,3,11918
1538,1998,3,19,4,11728
1539,1998,3,20,5,11703
1540,1998,3,21,6,8730
1541,1998,3,22,7,7625
1542,1998,3,23,1,10779
1543,1998,3,24,2,11960
1544,1998,3,25,3,11757
1545,1998,3,26,4,11983
1546,1998,3,27,5,11715
1547,1998,3,28,6,8399
1548,1998,3,29,7,7831
1549,1998,3,30,1,10990
1550,1998,3,31,2,12125
1551,1998,4,1,3,10992
1552,1998,4,2,4,11944
1553,1998,4,3,5,11976
1554,1998,4,4,6,8715
1555,1998,4,5,7,7240
1556,1998,4,6,1,10904
1557,1998,4,7,2,12255
1558,1998,4,8,3,11992
1559,1998,4,9,4,11868
1560,1998,4,10,5,11118
1561,1998,4,11,6,8437
1562,1998,4,12,7,7330
1563,1998,4,13,1,10383
1564,1998,4,14,2,12207
1565,1998,4,15,3,11898
1566,1998,4,16,4,11931
1567,1998,4,17,5,11820
1568,1998,4,18,6,8595
1569,1998,4,19,7,7557
1570,1998,4,20,1,10848
1571,1998,4,21,2,12213
1572,1998,4,22,3,11730
1573,1998,4,23,4,11729
1574,1998,4,24,5,11511
1575,1998,4,25,6,8469
1576,1998,4,26,7,7774
1577,1998,4,27,1,10832
1578,1998,4,28,2,12175
1579,1998,4,29,3,11565
1580,1998,4,30,4,11750
1581,1998,5,1,5,11776
1582,1998,5,2,6,8595
1583,1998,5,3,7,7750
1584,1998,5,4,1,11071
1585,1998,5,5,2,12440
1586,1998,5,6,3,12177
1587,1998,5,7,4,12037
1588,1998,5,8,5,11868
1589,1998,5,9,6,8701
1590,1998,5,10,7,7716
1591,1998,5,11,1,10760
1592,1998,5,12,2,12225
1593,1998,5,13,3,11511
1594,1998,5,14,4,11913
1595,1998,5,15,5,12113
1596,1998,5,16,6,8778
1597,1998,5,17,7,7810
1598,1998,5,18,1,11228
1599,1998,5,19,2,12567
1600,1998,5,20,3,12241
1601,1998,5,21,4,12482
1602,1998,5,22,5,12312
1603,1998,5,23,6,8764
1604,1998,5,24,7,7888
1605,1998,5,25,1,7953
1606,1998,5,26,2,11573
1607,1998,5,27,3,12590
1608,1998,5,28,4,12674
1609,1998,5,29,5,12255
1610,1998,5,30,6,8837
1611,1998,5,31,7,7914
1612,1998,6,1,1,11005
1613,1998,6,2,2,11762
1614,1998,6,3,3,11898
1615,1998,6,4,4,11778
1616,1998,6,5,5,11752
1617,1998,6,6,6,8892
1618,1998,6,7,7,7558
1619,1998,6,8,1,10791
1620,1998,6,9,2,12122
1621,1998,6,10,3,12007
1622,1998,6,11,4,11996
1623,1998,6,12,5,11830
1624,1998,6,13,6,8769
1625,1998,6,14,7,7836
1626,1998,6,15,1,11280
1627,1998,6,16,2,12519
1628,1998,6,17,3,12038
1629,1998,6,18,4,11968
1630,1998,6,19,5,11877
1631,1998,6,20,6,8819
1632,1998,6,21,7,7794
1633,1998,6,22,1,11218
1634,1998,6,23,2,12351
1635,1998,6,24,3,12246
1636,1998,6,25,4,12258
1637,1998,6,26,5,12050
1638,1998,6,27,6,8840
1639,1998,6,28,7,7930
1640,1998,6,29,1,11025
1641,1998,6,30,2,12882
1642,1998,7,1,3,12680
1643,1998,7,2,4,12517
1644,1998,7,3,5,10371
1645,1998,7,4,6,8372
1646,1998,7,5,7,7694
1647,1998,7,6,1,11030
1648,1998,7,7,2,12753
1649,1998,7,8,3,12535
1650,1998,7,9,4,12463
1651,1998,7,10,5,12288
1652,1998,7,11,6,8996
1653,1998,7,12,7,8096
1654,1998,7,13,1,11149
1655,1998,7,14,2,13034
1656,1998,7,15,3,12593
1657,1998,7,16,4,12467
1658,1998,7,17,5,12345
1659,1998,7,18,6,8905
1660,1998,7,19,7,8018
1661,1998,7,20,1,11598
1662,1998,7,21,2,12686
1663,1998,7,22,3,12785
1664,1998,7,23,4,12536
1665,1998,7,24,5,12287
1666,1998,7,25,6,8888
1667,1998,7,26,7,8069
1668,1998,7,27,1,11350
1669,1998,7,28,2,12919
1670,1998,7,29,3,12556
1671,1998,7,30,4,12375
1672,1998,7,31,5,12296
1673,1998,8,1,6,8784
1674,1998,8,2,7,7876
1675,1998,8,3,1,11277
1676,1998,8,4,2,12758
1677,1998,8,5,3,12244
1678,1998,8,6,4,12535
1679,1998,8,7,5,12258
1680,1998,8,8,6,9256
1681,1998,8,9,7,8168
1682,1998,8,10,1,11622
1683,1998,8,11,2,12857
1684,1998,8,12,3,12577
1685,1998,8,13,4,12487
1686,1998,8,14,5,12486
1687,1998,8,15,6,9296
1688,1998,8,16,7,8176
1689,1998,8,17,1,11565
1690,1998,8,18,2,12878
1691,1998,8,19,3,12491
1692,1998,8,20,4,12467
1693,1998,8,21,5,12496
1694,1998,8,22,6,9106
1695,1998,8,23,7,8252
1696,1998,8,24,1,11627
1697,1998,8,25,2,12908
1698,1998,8,26,3,12459
1699,1998,8,27,4,12595
1700,1998,8,28,5,12447
1701,1998,8,29,6,9230
1702,1998,8,30,7,8162
1703,1998,8,31,1,11396
1704,1998,9,1,2,12677
1705,1998,9,2,3,12289
1706,1998,9,3,4,12474
1707,1998,9,4,5,12820
1708,1998,9,5,6,9057
1709,1998,9,6,7,7979
1710,1998,9,7,1,8428
1711,1998,9,8,2,12092
1712,1998,9,9,3,13501
1713,1998,9,10,4,13306
1714,1998,9,11,5,12920
1715,1998,9,12,6,9463
1716,1998,9,13,7,8434
1717,1998,9,14,1,11694
1718,1998,9,15,2,12975
1719,1998,9,16,3,12768
1720,1998,9,17,4,12905
1721,1998,9,18,5,13030
1722,1998,9,19,6,9541
1723,1998,9,20,7,8431
1724,1998,9,21,1,11647
1725,1998,9,22,2,12774
1726,1998,9,23,3,12805
1727,1998,9,24,4,12708
1728,1998,9,25,5,12501
1729,1998,9,26,6,9230
1730,1998,9,27,7,8279
1731,1998,9,28,1,11744
1732,1998,9,29,2,12716
1733,1998,9,30,3,12196
1734,1998,10,1,4,12410
1735,1998,10,2,5,12247
1736,1998,10,3,6,8895
1737,1998,10,4,7,7927
1738,1998,10,5,1,11235
1739,1998,10,6,2,12555
1740,1998,10,7,3,12119
1741,1998,10,8,4,12128
1742,1998,10,9,5,11750
1743,1998,10,10,6,8610
1744,1998,10,11,7,7785
1745,1998,10,12,1,10645
1746,1998,10,13,2,11815
1747,1998,10,14,3,12063
1748,1998,10,15,4,12049
1749,1998,10,16,5,11792
1750,1998,10,17,6,8475
1751,1998,10,18,7,7795
1752,1998,10,19,1,10797
1753,1998,10,20,2,12404
1754,1998,10,21,3,11721
1755,1998,10,22,4,11866
1756,1998,10,23,5,11644
1757,1998,10,24,6,8447
1758,1998,10,25,7,7768
1759,1998,10,26,1,10967
1760,1998,10,27,2,11996
1761,1998,10,28,3,11841
1762,1998,10,29,4,11667
1763,1998,10,30,5,11213
1764,1998,10,31,6,8164
1765,1998,11,1,7,7849
1766,1998,11,2,1,11139
1767,1998,11,3,2,12235
1768,1998,11,4,3,11726
1769,1998,11,5,4,12007
1770,1998,11,6,5,11773
1771,1998,11,7,6,8623
1772,1998,11,8,7,7615
1773,1998,11,9,1,11171
1774,1998,11,10,2,12312
1775,1998,11,11,3,11662
1776,1998,11,12,4,11904
1777,1998,11,13,5,10968
1778,1998,11,14,6,8689
1779,1998,11,15,7,7759
1780,1998,11,16,1,11103
1781,1998,11,17,2,12348
1782,1998,11,18,3,11729
1783,1998,11,19,4,11815
1784,1998,11,20,5,12095
1785,1998,11,21,6,8687
1786,1998,11,22,7,7649
1787,1998,11,23,1,11942
1788,1998,11,24,2,13143
1789,1998,11,25,3,11311
1790,1998,11,26,4,7658
1791,1998,11,27,5,9185
1792,1998,11,28,6,8295
1793,1998,11,29,7,7732
1794,1998,11,30,1,11117
1795,1998,12,1,2,12612
1796,1998,12,2,3,12003
1797,1998,12,3,4,11990
1798,1998,12,4,5,11661
1799,1998,12,5,6,8368
1800,1998,12,6,7,7614
1801,1998,12,7,1,10872
1802,1998,12,8,2,12354
1803,1998,12,9,3,11824
1804,1998,12,10,4,11685
1805,1998,12,11,5,11284
1806,1998,12,12,6,8418
1807,1998,12,13,7,7460
1808,1998,12,14,1,11063
1809,1998,12,15,2,12430
1810,1998,12,16,3,12256
1811,1998,12,17,4,12572
1812,1998,12,18,5,12634
1813,1998,12,19,6,8804
1814,1998,12,20,7,7792
1815,1998,12,21,1,12414
1816,1998,12,22,2,13286
1817,1998,12,23,3,11149
1818,1998,12,24,4,8464
1819,1998,12,25,5,7020
1820,1998,12,26,6,7735
1821,1998,12,27,7,7829
1822,1998,12,28,1,11980
1823,1998,12,29,2,13637
1824,1998,12,30,3,13297
1825,1998,12,31,4,11389
1826,1999,1,1,5,8163
1827,1999,1,2,6,7637
1828,1999,1,3,7,7416
1829,1999,1,4,1,10396
1830,1999,1,5,2,12004
1831,1999,1,6,3,11718
1832,1999,1,7,4,11901
1833,1999,1,8,5,11772
1834,1999,1,9,6,8466
1835,1999,1,10,7,7704
1836,1999,1,11,1,10816
1837,1999,1,12,2,12190
1838,1999,1,13,3,11626
1839,1999,1,14,4,11767
1840,1999,1,15,5,11704
1841,1999,1,16,6,8444
1842,1999,1,17,7,7679
1843,1999,1,18,1,10508
1844,1999,1,19,2,11812
1845,1999,1,20,3,11901
1846,1999,1,21,4,12027
1847,1999,1,22,5,11677
1848,1999,1,23,6,8587
1849,1999,1,24,7,7597
1850,1999,1,25,1,10973
1851,1999,1,26,2,11915
1852,1999,1,27,3,11548
1853,1999,1,28,4,11745
1854,1999,1,29,5,11571
1855,1999,1,30,6,8473
1856,1999,1,31,7,7445
1857,1999,2,1,1,10718
1858,1999,2,2,2,12037
1859,1999,2,3,3,11747
1860,1999,2,4,4,11811
1861,1999,2,5,5,11693
1862,1999,2,6,6,8394
1863,1999,2,7,7,7675
1864,1999,2,8,1,11022
1865,1999,2,9,2,12157
1866,1999,2,10,3,11849
1867,1999,2,11,4,12086
1868,1999,2,12,5,11709
1869,1999,2,13,6,8298
1870,1999,2,14,7,7902
1871,1999,2,15,1,10431
1872,1999,2,16,2,11987
1873,1999,2,17,3,11868
1874,1999,2,18,4,11909
1875,1999,2,19,5,11818
1876,1999,2,20,6,8604
1877,1999,2,21,7,7664
1878,1999,2,22,1,10958
1879,1999,2,23,2,11875
1880,1999,2,24,3,11761
1881,1999,2,25,4,11716
1882,1999,2,26,5,11615
1883,1999,2,27,6,8458
1884,1999,2,28,7,7806
1885,1999,3,1,1,10958
1886,1999,3,2,2,12288
1887,1999,3,3,3,11998
1888,1999,3,4,4,11767
1889,1999,3,5,5,11841
1890,1999,3,6,6,8616
1891,1999,3,7,7,7578
1892,1999,3,8,1,10749
1893,1999,3,9,2,11896
1894,1999,3,10,3,11823
1895,1999,3,11,4,11832
1896,1999,3,12,5,11834
1897,1999,3,13,6,8436
1898,1999,3,14,7,7549
1899,1999,3,15,1,10830
1900,1999,3,16,2,12134
1901,1999,3,17,3,11928
1902,1999,3,18,4,11915
1903,1999,3,19,5,11554
1904,1999,3,20,6,8621
1905,1999,3,21,7,7582
1906,1999,3,22,1,10743
1907,1999,3,23,2,12132
1908,1999,3,24,3,11764
1909,1999,3,25,4,11879
1910,1999,3,26,5,11543
1911,1999,3,27,6,8592
1912,1999,3,28,7,7389
1913,1999,3,29,1,11259
1914,1999,3,30,2,12071
1915,1999,3,31,3,11838
1916,1999,4,1,4,11313
1917,1999,4,2,5,11354
1918,1999,4,3,6,8059
1919,1999,4,4,7,7067
1920,1999,4,5,1,10820
1921,1999,4,6,2,12063
1922,1999,4,7,3,11941
1923,1999,4,8,4,11724
1924,1999,4,9,5,11550
1925,1999,4,10,6,8364
1926,1999,4,11,7,7510
1927,1999,4,12,1,10849
1928,1999,4,13,2,11884
1929,1999,4,14,3,11669
1930,1999,4,15,4,11818
1931,1999,4,16,5,11546
1932,1999,4,17,6,8633
1933,1999,4,18,7,7394
1934,1999,4,19,1,10767
1935,1999,4,20,2,12067
1936,1999,4,21,3,11636
1937,1999,4,22,4,11763
1938,1999,4,23,5,11533
1939,1999,4,24,6,8301
1940,1999,4,25,7,7370
1941,1999,4,26,1,10806
1942,1999,4,27,2,12013
1943,1999,4,28,3,11915
1944,1999,4,29,4,11743
1945,1999,4,30,5,11417
1946,1999,5,1,6,8522
1947,1999,5,2,7,7537
1948,1999,5,3,1,10972
1949,1999,5,4,2,12455
1950,1999,5,5,3,12278
1951,1999,5,6,4,12267
1952,1999,5,7,5,11857
1953,1999,5,8,6,8314
1954,1999,5,9,7,7630
1955,1999,5,10,1,11158
1956,1999,5,11,2,12316
1957,1999,5,12,3,12111
1958,1999,5,13,4,11801
1959,1999,5,14,5,11874
1960,1999,5,15,6,8492
1961,1999,5,16,7,7600
1962,1999,5,17,1,11106
1963,1999,5,18,2,12438
1964,1999,5,19,3,11758
1965,1999,5,20,4,11944
1966,1999,5,21,5,11895
1967,1999,5,22,6,8558
1968,1999,5,23,7,7700
1969,1999,5,24,1,11340
1970,1999,5,25,2,12833
1971,1999,5,26,3,12346
1972,1999,5,27,4,12640
1973,1999,5,28,5,12405
1974,1999,5,29,6,8875
1975,1999,5,30,7,7661
1976,1999,5,31,1,7843
1977,1999,6,1,2,11583
1978,1999,6,2,3,12961
1979,1999,6,3,4,12796
1980,1999,6,4,5,12340
1981,1999,6,5,6,8814
1982,1999,6,6,7,7691
1983,1999,6,7,1,11105
1984,1999,6,8,2,12338
1985,1999,6,9,3,12010
1986,1999,6,10,4,12259
1987,1999,6,11,5,12028
1988,1999,6,12,6,8654
1989,1999,6,13,7,7648
1990,1999,6,14,1,11145
1991,1999,6,15,2,12525
1992,1999,6,16,3,12089
1993,1999,6,17,4,12069
1994,1999,6,18,5,11861
1995,1999,6,19,6,8621
1996,1999,6,20,7,7675
1997,1999,6,21,1,11492
1998,1999,6,22,2,12527
1999,1999,6,23,3,12130
2000,1999,6,24,4,12343
2001,1999,6,25,5,11768
2002,1999,6,26,6,8922
2003,1999,6,27,7,7968
2004,1999,6,28,1,11506
2005,1999,6,29,2,12853
2006,1999,6,30,3,12480
2007,1999,7,1,4,12828
2008,1999,7,2,5,12525
2009,1999,7,3,6,8764
2010,1999,7,4,7,7973
2011,1999,7,5,1,8413
2012,1999,7,6,2,11799
2013,1999,7,7,3,13343
2014,1999,7,8,4,13245
2015,1999,7,9,5,12566
2016,1999,7,10,6,9196
2017,1999,7,11,7,7882
2018,1999,7,12,1,11489
2019,1999,7,13,2,12646
2020,1999,7,14,3,12631
2021,1999,7,15,4,12795
2022,1999,7,16,5,12582
2023,1999,7,17,6,9034
2024,1999,7,18,7,8025
2025,1999,7,19,1,11556
2026,1999,7,20,2,12849
2027,1999,7,21,3,12685
2028,1999,7,22,4,12945
2029,1999,7,23,5,12674
2030,1999,7,24,6,9258
2031,1999,7,25,7,8182
2032,1999,7,26,1,11687
2033,1999,7,27,2,12903
2034,1999,7,28,3,12803
2035,1999,7,29,4,12840
2036,1999,7,30,5,12537
2037,1999,7,31,6,9157
2038,1999,8,1,7,8167
2039,1999,8,2,1,11663
2040,1999,8,3,2,12660
2041,1999,8,4,3,12564
2042,1999,8,5,4,12587
2043,1999,8,6,5,12448
2044,1999,8,7,6,9070
2045,1999,8,8,7,8074
2046,1999,8,9,1,11408
2047,1999,8,10,2,13035
2048,1999,8,11,3,12572
2049,1999,8,12,4,13103
2050,1999,8,13,5,11924
2051,1999,8,14,6,9143
2052,1999,8,15,7,8190
2053,1999,8,16,1,11753
2054,1999,8,17,2,13201
2055,1999,8,18,3,12833
2056,1999,8,19,4,12783
2057,1999,8,20,5,12764
2058,1999,8,21,6,9114
2059,1999,8,22,7,7964
2060,1999,8,23,1,11673
2061,1999,8,24,2,13035
2062,1999,8,25,3,12595
2063,1999,8,26,4,12628
2064,1999,8,27,5,12570
2065,1999,8,28,6,9387
2066,1999,8,29,7,8203
2067,1999,8,30,1,11568
2068,1999,8,31,2,12692
2069,1999,9,1,3,12572
2070,1999,9,2,4,12896
2071,1999,9,3,5,12914
2072,1999,9,4,6,8953
2073,1999,9,5,7,8203
2074,1999,9,6,1,8249
2075,1999,9,7,2,11969
2076,1999,9,8,3,13437
2077,1999,9,9,4,14540
2078,1999,9,10,5,13181
2079,1999,9,11,6,9634
2080,1999,9,12,7,8463
2081,1999,9,13,1,11481
2082,1999,9,14,2,12770
2083,1999,9,15,3,12880
2084,1999,9,16,4,12843
2085,1999,9,17,5,13142
2086,1999,9,18,6,9599
2087,1999,9,19,7,8559
2088,1999,9,20,1,11961
2089,1999,9,21,2,13384
2090,1999,9,22,3,12994
2091,1999,9,23,4,13149
2092,1999,9,24,5,13009
2093,1999,9,25,6,9568
2094,1999,9,26,7,8290
2095,1999,9,27,1,12103
2096,1999,9,28,2,13358
2097,1999,9,29,3,12785
2098,1999,9,30,4,12523
2099,1999,10,1,5,12544
2100,1999,10,2,6,9099
2101,1999,10,3,7,7888
2102,1999,10,4,1,11506
2103,1999,10,5,2,12871
2104,1999,10,6,3,12534
2105,1999,10,7,4,12306
2106,1999,10,8,5,12341
2107,1999,10,9,6,8804
2108,1999,10,10,7,7835
2109,1999,10,11,1,11203
2110,1999,10,12,2,12442
2111,1999,10,13,3,12041
2112,1999,10,14,4,12115
2113,1999,10,15,5,12187
2114,1999,10,16,6,8594
2115,1999,10,17,7,7562
2116,1999,10,18,1,11021
2117,1999,10,19,2,12354
2118,1999,10,20,3,11830
2119,1999,10,21,4,11960
2120,1999,10,22,5,11912
2121,1999,10,23,6,8404
2122,1999,10,24,7,7465
2123,1999,10,25,1,11077
2124,1999,10,26,2,12221
2125,1999,10,27,3,11654
2126,1999,10,28,4,11693
2127,1999,10,29,5,11534
2128,1999,10,30,6,8488
2129,1999,10,31,7,7495
2130,1999,11,1,1,10839
2131,1999,11,2,2,12098
2132,1999,11,3,3,11803
2133,1999,11,4,4,11806
2134,1999,11,5,5,11868
2135,1999,11,6,6,8533
2136,1999,11,7,7,7481
2137,1999,11,8,1,11049
2138,1999,11,9,2,12092
2139,1999,11,10,3,11632
2140,1999,11,11,4,11802
2141,1999,11,12,5,11556
2142,1999,11,13,6,8349
2143,1999,11,14,7,7526
2144,1999,11,15,1,10928
2145,1999,11,16,2,12263
2146,1999,11,17,3,11665
2147,1999,11,18,4,11908
2148,1999,11,19,5,12128
2149,1999,11,20,6,8630
2150,1999,11,21,7,7514
2151,1999,11,22,1,12104
2152,1999,11,23,2,12804
2153,1999,11,24,3,11409
2154,1999,11,25,4,7529
2155,1999,11,26,5,8892
2156,1999,11,27,6,8024
2157,1999,11,28,7,7418
2158,1999,11,29,1,11095
2159,1999,11,30,2,12544
2160,1999,12,1,3,12282
2161,1999,12,2,4,11976
2162,1999,12,3,5,11591
2163,1999,12,4,6,8333
2164,1999,12,5,7,7503
2165,1999,12,6,1,10956
2166,1999,12,7,2,12329
2167,1999,12,8,3,11849
2168,1999,12,9,4,11728
2169,1999,12,10,5,11459
2170,1999,12,11,6,8442
2171,1999,12,12,7,7528
2172,1999,12,13,1,10830
2173,1999,12,14,2,12667
2174,1999,12,15,3,12623
2175,1999,12,16,4,12441
2176,1999,12,17,5,12453
2177,1999,12,18,6,8979
2178,1999,12,19,7,7732
2179,1999,12,20,1,12497
2180,1999,12,21,2,13508
2181,1999,12,22,3,12166
2182,1999,12,23,4,10591
2183,1999,12,24,5,8046
2184,1999,12,25,6,6674
2185,1999,12,26,7,7432
2186,1999,12,27,1,11579
2187,1999,12,28,2,13158
2188,1999,12,29,3,12629
2189,1999,12,30,4,11935
2190,1999,12,31,5,9335
2191,2000,1,1,6,8843
2192,2000,1,2,7,7816
2193,2000,1,3,1,11123
2194,2000,1,4,2,12703
2195,2000,1,5,3,12240
2196,2000,1,6,4,12260
2197,2000,1,7,5,12280
2198,2000,1,8,6,8750
2199,2000,1,9,7,7736
2200,2000,1,10,1,11418
2201,2000,1,11,2,12323
2202,2000,1,12,3,12057
2203,2000,1,13,4,11556
2204,2000,1,14,5,11924
2205,2000,1,15,6,8365
2206,2000,1,16,7,7499
2207,2000,1,17,1,10601
2208,2000,1,18,2,12086
2209,2000,1,19,3,12083
2210,2000,1,20,4,12188
2211,2000,1,21,5,11667
2212,2000,1,22,6,8633
2213,2000,1,23,7,7712
2214,2000,1,24,1,11184
2215,2000,1,25,2,12253
2216,2000,1,26,3,11879
2217,2000,1,27,4,12136
2218,2000,1,28,5,11673
2219,2000,1,29,6,8635
2220,2000,1,30,7,7603
2221,2000,1,31,1,10882
2222,2000,2,1,2,12359
2223,2000,2,2,3,12082
2224,2000,2,3,4,11806
2225,2000,2,4,5,11828
2226,2000,2,5,6,8474
2227,2000,2,6,7,7730
2228,2000,2,7,1,11375
2229,2000,2,8,2,12591
2230,2000,2,9,3,12024
2231,2000,2,10,4,12339
2232,2000,2,11,5,12182
2233,2000,2,12,6,8674
2234,2000,2,13,7,7801
2235,2000,2,14,1,11920
2236,2000,2,15,2,12711
2237,2000,2,16,3,12256
2238,2000,2,17,4,12274
2239,2000,2,18,5,12162
2240,2000,2,19,6,8693
2241,2000,2,20,7,7763
2242,2000,2,21,1,10406
2243,2000,2,22,2,12401
2244,2000,2,23,3,11972
2245,2000,2,24,4,12160
2246,2000,2,25,5,11971
2247,2000,2,26,6,8847
2248,2000,2,27,7,7716
2249,2000,2,28,1,11215
2250,2000,2,29,2,11645
2251,2000,3,1,3,12407
2252,2000,3,2,4,12261
2253,2000,3,3,5,12120
2254,2000,3,4,6,8861
2255,2000,3,5,7,7599
2256,2000,3,6,1,11122
2257,2000,3,7,2,12133
2258,2000,3,8,3,12061
2259,2000,3,9,4,12303
2260,2000,3,10,5,11898
2261,2000,3,11,6,8657
2262,2000,3,12,7,7762
2263,2000,3,13,1,10946
2264,2000,3,14,2,12523
2265,2000,3,15,3,12114
2266,2000,3,16,4,12154
2267,2000,3,17,5,12147
2268,2000,3,18,6,8502
2269,2000,3,19,7,7623
2270,2000,3,20,1,11281
2271,2000,3,21,2,12370
2272,2000,3,22,3,12047
2273,2000,3,23,4,12168
2274,2000,3,24,5,12104
2275,2000,3,25,6,8975
2276,2000,3,26,7,7675
2277,2000,3,27,1,11051
2278,2000,3,28,2,12394
2279,2000,3,29,3,11806
2280,2000,3,30,4,11851
2281,2000,3,31,5,11638
2282,2000,4,1,6,8238
2283,2000,4,2,7,7419
2284,2000,4,3,1,11178
2285,2000,4,4,2,12523
2286,2000,4,5,3,11946
2287,2000,4,6,4,11929
2288,2000,4,7,5,12004
2289,2000,4,8,6,8583
2290,2000,4,9,7,7628
2291,2000,4,10,1,11108
2292,2000,4,11,2,12567
2293,2000,4,12,3,12241
2294,2000,4,13,4,11677
2295,2000,4,14,5,11829
2296,2000,4,15,6,8718
2297,2000,4,16,7,7725
2298,2000,4,17,1,11115
2299,2000,4,18,2,12525
2300,2000,4,19,3,12251
2301,2000,4,20,4,12055
2302,2000,4,21,5,11080
2303,2000,4,22,6,8233
2304,2000,4,23,7,7375
2305,2000,4,24,1,11109
2306,2000,4,25,2,12237
2307,2000,4,26,3,11994
2308,2000,4,27,4,12013
2309,2000,4,28,5,11785
2310,2000,4,29,6,8580
2311,2000,4,30,7,7515
2312,2000,5,1,1,11399
2313,2000,5,2,2,12692
2314,2000,5,3,3,12017
2315,2000,5,4,4,12212
2316,2000,5,5,5,12252
2317,2000,5,6,6,8689
2318,2000,5,7,7,7675
2319,2000,5,8,1,11384
2320,2000,5,9,2,12470
2321,2000,5,10,3,12342
2322,2000,5,11,4,12185
2323,2000,5,12,5,11928
2324,2000,5,13,6,8569
2325,2000,5,14,7,7495
2326,2000,5,15,1,11316
2327,2000,5,16,2,12581
2328,2000,5,17,3,12487
2329,2000,5,18,4,12336
2330,2000,5,19,5,11961
2331,2000,5,20,6,8476
2332,2000,5,21,7,7741
2333,2000,5,22,1,11365
2334,2000,5,23,2,12806
2335,2000,5,24,3,12427
2336,2000,5,25,4,12752
2337,2000,5,26,5,12503
2338,2000,5,27,6,8866
2339,2000,5,28,7,7758
2340,2000,5,29,1,8099
2341,2000,5,30,2,11699
2342,2000,5,31,3,12725
2343,2000,6,1,4,13114
2344,2000,6,2,5,12428
2345,2000,6,3,6,8776
2346,2000,6,4,7,7860
2347,2000,6,5,1,11458
2348,2000,6,6,2,12434
2349,2000,6,7,3,12217
2350,2000,6,8,4,12508
2351,2000,6,9,5,12275
2352,2000,6,10,6,8956
2353,2000,6,11,7,7961
2354,2000,6,12,1,11580
2355,2000,6,13,2,12416
2356,2000,6,14,3,12599
2357,2000,6,15,4,12528
2358,2000,6,16,5,12524
2359,2000,6,17,6,8981
2360,2000,6,18,7,8024
2361,2000,6,19,1,11425
2362,2000,6,20,2,12764
2363,2000,6,21,3,12497
2364,2000,6,22,4,12561
2365,2000,6,23,5,12364
2366,2000,6,24,6,8952
2367,2000,6,25,7,8057
2368,2000,6,26,1,11914
2369,2000,6,27,2,13103
2370,2000,6,28,3,12776
2371,2000,6,29,4,13184
2372,2000,6,30,5,12970
2373,2000,7,1,6,9215
2374,2000,7,2,7,7933
2375,2000,7,3,1,11080
2376,2000,7,4,2,9394
2377,2000,7,5,3,12078
2378,2000,7,6,4,13558
2379,2000,7,7,5,13372
2380,2000,7,8,6,9479
2381,2000,7,9,7,8435
2382,2000,7,10,1,12161
2383,2000,7,11,2,13267
2384,2000,7,12,3,12543
2385,2000,7,13,4,12684
2386,2000,7,14,5,12941
2387,2000,7,15,6,9392
2388,2000,7,16,7,8313
2389,2000,7,17,1,11876
2390,2000,7,18,2,13354
2391,2000,7,19,3,12718
2392,2000,7,20,4,12855
2393,2000,7,21,5,12767
2394,2000,7,22,6,9269
2395,2000,7,23,7,8011
2396,2000,7,24,1,11916
2397,2000,7,25,2,12943
2398,2000,7,26,3,12700
2399,2000,7,27,4,12849
2400,2000,7,28,5,12654
2401,2000,7,29,6,9303
2402,2000,7,30,7,8289
2403,2000,7,31,1,11626
2404,2000,8,1,2,13081
2405,2000,8,2,3,12489
2406,2000,8,3,4,12834
2407,2000,8,4,5,12681
2408,2000,8,5,6,9236
2409,2000,8,6,7,8201
2410,2000,8,7,1,11628
2411,2000,8,8,2,13334
2412,2000,8,9,3,12926
2413,2000,8,10,4,12694
2414,2000,8,11,5,12478
2415,2000,8,12,6,9072
2416,2000,8,13,7,8174
2417,2000,8,14,1,11638
2418,2000,8,15,2,13067
2419,2000,8,16,3,12876
2420,2000,8,17,4,12828
2421,2000,8,18,5,12839
2422,2000,8,19,6,9102
2423,2000,8,20,7,8122
2424,2000,8,21,1,11711
2425,2000,8,22,2,13172
2426,2000,8,23,3,12685
2427,2000,8,24,4,12737
2428,2000,8,25,5,12623
2429,2000,8,26,6,9193
2430,2000,8,27,7,8086
2431,2000,8,28,1,11794
2432,2000,8,29,2,12922
2433,2000,8,30,3,12805
2434,2000,8,31,4,13052
2435,2000,9,1,5,12826
2436,2000,9,2,6,9066
2437,2000,9,3,7,8080
2438,2000,9,4,1,8412
2439,2000,9,5,2,11871
2440,2000,9,6,3,13577
2441,2000,9,7,4,13194
2442,2000,9,8,5,13166
2443,2000,9,9,6,9617
2444,2000,9,10,7,8354
2445,2000,9,11,1,12091
2446,2000,9,12,2,13263
2447,2000,9,13,3,12965
2448,2000,9,14,4,13432
2449,2000,9,15,5,13245
2450,2000,9,16,6,9580
2451,2000,9,17,7,8512
2452,2000,9,18,1,12244
2453,2000,9,19,2,13533
2454,2000,9,20,3,13384
2455,2000,9,21,4,13050
2456,2000,9,22,5,12893
2457,2000,9,23,6,9304
2458,2000,9,24,7,8392
2459,2000,9,25,1,12150
2460,2000,9,26,2,13210
2461,2000,9,27,3,13137
2462,2000,9,28,4,13202
2463,2000,9,29,5,12724
2464,2000,9,30,6,9135
2465,2000,10,1,7,8279
2466,2000,10,2,1,11905
2467,2000,10,3,2,12969
2468,2000,10,4,3,12841
2469,2000,10,5,4,12943
2470,2000,10,6,5,12491
2471,2000,10,7,6,8925
2472,2000,10,8,7,7956
2473,2000,10,9,1,11022
2474,2000,10,10,2,12750
2475,2000,10,11,3,12564
2476,2000,10,12,4,12756
2477,2000,10,13,5,11468
2478,2000,10,14,6,8985
2479,2000,10,15,7,7972
2480,2000,10,16,1,11702
2481,2000,10,17,2,12805
2482,2000,10,18,3,12470
2483,2000,10,19,4,12195
2484,2000,10,20,5,12146
2485,2000,10,21,6,8765
2486,2000,10,22,7,7772
2487,2000,10,23,1,11526
2488,2000,10,24,2,12685
2489,2000,10,25,3,12463
2490,2000,10,26,4,12475
2491,2000,10,27,5,12051
2492,2000,10,28,6,8790
2493,2000,10,29,7,7954
2494,2000,10,30,1,11227
2495,2000,10,31,2,11069
2496,2000,11,1,3,12579
2497,2000,11,2,4,12734
2498,2000,11,3,5,12329
2499,2000,11,4,6,8853
2500,2000,11,5,7,7890
2501,2000,11,6,1,11520
2502,2000,11,7,2,12592
2503,2000,11,8,3,12506
2504,2000,11,9,4,12502
2505,2000,11,10,5,12300
2506,2000,11,11,6,9052
2507,2000,11,12,7,7874
2508,2000,11,13,1,11129
2509,2000,11,14,2,12776
2510,2000,11,15,3,12623
2511,2000,11,16,4,12706
2512,2000,11,17,5,12606
2513,2000,11,18,6,8906
2514,2000,11,19,7,7872
2515,2000,11,20,1,12625
2516,2000,11,21,2,13672
2517,2000,11,22,3,12038
2518,2000,11,23,4,7939
2519,2000,11,24,5,9539
2520,2000,11,25,6,8320
2521,2000,11,26,7,7793
2522,2000,11,27,1,11831
2523,2000,11,28,2,13446
2524,2000,11,29,3,12786
2525,2000,11,30,4,12473
2526,2000,12,1,5,12219
2527,2000,12,2,6,8622
2528,2000,12,3,7,7748
2529,2000,12,4,1,11176
2530,2000,12,5,2,12607
2531,2000,12,6,3,12363
2532,2000,12,7,4,12498
2533,2000,12,8,5,12263
2534,2000,12,9,6,8635
2535,2000,12,10,7,7807
2536,2000,12,11,1,11506
2537,2000,12,12,2,13189
2538,2000,12,13,3,12214
2539,2000,12,14,4,12313
2540,2000,12,15,5,12368
2541,2000,12,16,6,8981
2542,2000,12,17,7,7845
2543,2000,12,18,1,12276
2544,2000,12,19,2,13430
2545,2000,12,20,3,13391
2546,2000,12,21,4,13146
2547,2000,12,22,5,11937
2548,2000,12,23,6,8294
2549,2000,12,24,7,6801
2550,2000,12,25,1,6566
2551,2000,12,26,2,10070
2552,2000,12,27,3,12858
2553,2000,12,28,4,13532
2554,2000,12,29,5,13234
2555,2000,12,30,6,9177
2556,2000,12,31,7,7721
2557,2001,1,1,1,7437
2558,2001,1,2,2,10346
2559,2001,1,3,3,12113
2560,2001,1,4,4,12429
2561,2001,1,5,5,12427
2562,2001,1,6,6,9019
2563,2001,1,7,7,7747
2564,2001,1,8,1,11239
2565,2001,1,9,2,12105
2566,2001,1,10,3,12160
2567,2001,1,11,4,12155
2568,2001,1,12,5,12464
2569,2001,1,13,6,8647
2570,2001,1,14,7,7674
2571,2001,1,15,1,10720
2572,2001,1,16,2,12041
2573,2001,1,17,3,12046
2574,2001,1,18,4,12362
2575,2001,1,19,5,12044
2576,2001,1,20,6,8602
2577,2001,1,21,7,7668
2578,2001,1,22,1,11219
2579,2001,1,23,2,12176
2580,2001,1,24,3,12046
2581,2001,1,25,4,12316
2582,2001,1,26,5,11993
2583,2001,1,27,6,8640
2584,2001,1,28,7,7641
2585,2001,1,29,1,11269
2586,2001,1,30,2,12237
2587,2001,1,31,3,12216
2588,2001,2,1,4,12186
2589,2001,2,2,5,12188
2590,2001,2,3,6,8476
2591,2001,2,4,7,7608
2592,2001,2,5,1,11546
2593,2001,2,6,2,12247
2594,2001,2,7,3,12091
2595,2001,2,8,4,12147
2596,2001,2,9,5,12086
2597,2001,2,10,6,8637
2598,2001,2,11,7,7437
2599,2001,2,12,1,11413
2600,2001,2,13,2,12012
2601,2001,2,14,3,12890
2602,2001,2,15,4,12407
2603,2001,2,16,5,12119
2604,2001,2,17,6,8474
2605,2001,2,18,7,7422
2606,2001,2,19,1,10356
2607,2001,2,20,2,12113
2608,2001,2,21,3,12206
2609,2001,2,22,4,12234
2610,2001,2,23,5,12040
2611,2001,2,24,6,8491
2612,2001,2,25,7,7646
2613,2001,2,26,1,11073
2614,2001,2,27,2,12068
2615,2001,2,28,3,11921
2616,2001,3,1,4,12263
2617,2001,3,2,5,12128
2618,2001,3,3,6,8761
2619,2001,3,4,7,7675
2620,2001,3,5,1,11182
2621,2001,3,6,2,12052
2622,2001,3,7,3,12094
2623,2001,3,8,4,12194
2624,2001,3,9,5,12242
2625,2001,3,10,6,8679
2626,2001,3,11,7,7564
2627,2001,3,12,1,11366
2628,2001,3,13,2,12273
2629,2001,3,14,3,12367
2630,2001,3,15,4,12286
2631,2001,3,16,5,12248
2632,2001,3,17,6,8850
2633,2001,3,18,7,7399
2634,2001,3,19,1,11099
2635,2001,3,20,2,12574
2636,2001,3,21,3,12394
2637,2001,3,22,4,12262
2638,2001,3,23,5,12213
2639,2001,3,24,6,8683
2640,2001,3,25,7,7689
2641,2001,3,26,1,11042
2642,2001,3,27,2,12328
2643,2001,3,28,3,12175
2644,2001,3,29,4,12166
2645,2001,3,30,5,11855
2646,2001,3,31,6,8581
2647,2001,4,1,7,7037
2648,2001,4,2,1,11430
2649,2001,4,3,2,12578
2650,2001,4,4,3,12409
2651,2001,4,5,4,12233
2652,2001,4,6,5,12221
2653,2001,4,7,6,8626
2654,2001,4,8,7,7594
2655,2001,4,9,1,11349
2656,2001,4,10,2,12745
2657,2001,4,11,3,12631
2658,2001,4,12,4,12511
2659,2001,4,13,5,10741
2660,2001,4,14,6,8102
2661,2001,4,15,7,7080
2662,2001,4,16,1,11002
2663,2001,4,17,2,12636
2664,2001,4,18,3,12151
2665,2001,4,19,4,11942
2666,2001,4,20,5,12047
2667,2001,4,21,6,8671
2668,2001,4,22,7,7643
2669,2001,4,23,1,11462
2670,2001,4,24,2,12720
2671,2001,4,25,3,12444
2672,2001,4,26,4,12309
2673,2001,4,27,5,12154
2674,2001,4,28,6,8474
2675,2001,4,29,7,7481
2676,2001,4,30,1,11190
2677,2001,5,1,2,12745
2678,2001,5,2,3,12289
2679,2001,5,3,4,12302
2680,2001,5,4,5,12062
2681,2001,5,5,6,8632
2682,2001,5,6,7,7861
2683,2001,5,7,1,11432
2684,2001,5,8,2,12751
2685,2001,5,9,3,12225
2686,2001,5,10,4,12398
2687,2001,5,11,5,12117
2688,2001,5,12,6,8537
2689,2001,5,13,7,7370
2690,2001,5,14,1,11343
2691,2001,5,15,2,12829
2692,2001,5,16,3,12373
2693,2001,5,17,4,12426
2694,2001,5,18,5,12132
2695,2001,5,19,6,8658
2696,2001,5,20,7,7597
2697,2001,5,21,1,11398
2698,2001,5,22,2,12785
2699,2001,5,23,3,12662
2700,2001,5,24,4,12932
2701,2001,5,25,5,12504
2702,2001,5,26,6,8790
2703,2001,5,27,7,7409
2704,2001,5,28,1,7810
2705,2001,5,29,2,11754
2706,2001,5,30,3,13112
2707,2001,5,31,4,12782
2708,2001,6,1,5,12426
2709,2001,6,2,6,8753
2710,2001,6,3,7,7762
2711,2001,6,4,1,11239
2712,2001,6,5,2,12401
2713,2001,6,6,3,12507
2714,2001,6,7,4,12333
2715,2001,6,8,5,12231
2716,2001,6,9,6,8604
2717,2001,6,10,7,7559
2718,2001,6,11,1,11521
2719,2001,6,12,2,12894
2720,2001,6,13,3,12102
2721,2001,6,14,4,12429
2722,2001,6,15,5,12192
2723,2001,6,16,6,8631
2724,2001,6,17,7,7607
2725,2001,6,18,1,11559
2726,2001,6,19,2,12517
2727,2001,6,20,3,12452
2728,2001,6,21,4,12323
2729,2001,6,22,5,12068
2730,2001,6,23,6,8304
2731,2001,6,24,7,7501
2732,2001,6,25,1,11363
2733,2001,6,26,2,12638
2734,2001,6,27,3,12560
2735,2001,6,28,4,12830
2736,2001,6,29,5,12683
2737,2001,6,30,6,9096
2738,2001,7,1,7,7953
2739,2001,7,2,1,12154
2740,2001,7,3,2,13081
2741,2001,7,4,3,9450
2742,2001,7,5,4,12264
2743,2001,7,6,5,12901
2744,2001,7,7,6,9357
2745,2001,7,8,7,8121
2746,2001,7,9,1,11794
2747,2001,7,10,2,13317
2748,2001,7,11,3,12690
2749,2001,7,12,4,12949
2750,2001,7,13,5,11978
2751,2001,7,14,6,9112
2752,2001,7,15,7,7922
2753,2001,7,16,1,12160
2754,2001,7,17,2,13357
2755,2001,7,18,3,12970
2756,2001,7,19,4,13031
2757,2001,7,20,5,12697
2758,2001,7,21,6,9189
2759,2001,7,22,7,7961
2760,2001,7,23,1,11836
2761,2001,7,24,2,13239
2762,2001,7,25,3,12785
2763,2001,7,26,4,12784
2764,2001,7,27,5,12441
2765,2001,7,28,6,8952
2766,2001,7,29,7,7787
2767,2001,7,30,1,11912
2768,2001,7,31,2,12903
2769,2001,8,1,3,12654
2770,2001,8,2,4,12846
2771,2001,8,3,5,12619
2772,2001,8,4,6,8993
2773,2001,8,5,7,7948
2774,2001,8,6,1,11735
2775,2001,8,7,2,13198
2776,2001,8,8,3,12884
2777,2001,8,9,4,13080
2778,2001,8,10,5,12833
2779,2001,8,11,6,9100
2780,2001,8,12,7,8130
2781,2001,8,13,1,11446
2782,2001,8,14,2,13037
2783,2001,8,15,3,13005
2784,2001,8,16,4,13126
2785,2001,8,17,5,12871
2786,2001,8,18,6,9097
2787,2001,8,19,7,7809
2788,2001,8,20,1,12030
2789,2001,8,21,2,13236
2790,2001,8,22,3,12855
2791,2001,8,23,4,12918
2792,2001,8,24,5,12736
2793,2001,8,25,6,9048
2794,2001,8,26,7,7977
2795,2001,8,27,1,11844
2796,2001,8,28,2,13465
2797,2001,8,29,3,12873
2798,2001,8,30,4,13232
2799,2001,8,31,5,13177
2800,2001,9,1,6,9090
2801,2001,9,2,7,8056
2802,2001,9,3,1,7950
2803,2001,9,4,2,12219
2804,2001,9,5,3,13730
2805,2001,9,6,4,13658
2806,2001,9,7,5,13465
2807,2001,9,8,6,9200
2808,2001,9,9,7,8184
2809,2001,9,10,1,12227
2810,2001,9,11,2,13238
2811,2001,9,12,3,12818
2812,2001,9,13,4,12857
2813,2001,9,14,5,13211
2814,2001,9,15,6,9470
2815,2001,9,16,7,8175
2816,2001,9,17,1,12412
2817,2001,9,18,2,13233
2818,2001,9,19,3,13244
2819,2001,9,20,4,13435
2820,2001,9,21,5,13034
2821,2001,9,22,6,9397
2822,2001,9,23,7,8341
2823,2001,9,24,1,12292
2824,2001,9,25,2,13695
2825,2001,9,26,3,13131
2826,2001,9,27,4,12965
2827,2001,9,28,5,12925
2828,2001,9,29,6,9043
2829,2001,9,30,7,7869
2830,2001,10,1,1,12109
2831,2001,10,2,2,13189
2832,2001,10,3,3,12756
2833,2001,10,4,4,12960
2834,2001,10,5,5,12589
2835,2001,10,6,6,8725
2836,2001,10,7,7,7621
2837,2001,10,8,1,11298
2838,2001,10,9,2,12580
2839,2001,10,10,3,12515
2840,2001,10,11,4,12304
2841,2001,10,12,5,12460
2842,2001,10,13,6,8526
2843,2001,10,14,7,7611
2844,2001,10,15,1,11394
2845,2001,10,16,2,12477
2846,2001,10,17,3,12297
2847,2001,10,18,4,12316
2848,2001,10,19,5,12121
2849,2001,10,20,6,8563
2850,2001,10,21,7,7331
2851,2001,10,22,1,11446
2852,2001,10,23,2,12571
2853,2001,10,24,3,12364
2854,2001,10,25,4,12220
2855,2001,10,26,5,11996
2856,2001,10,27,6,8292
2857,2001,10,28,7,7522
2858,2001,10,29,1,11143
2859,2001,10,30,2,12177
2860,2001,10,31,3,10601
2861,2001,11,1,4,12559
2862,2001,11,2,5,12056
2863,2001,11,3,6,8434
2864,2001,11,4,7,7392
2865,2001,11,5,1,11402
2866,2001,11,6,2,12345
2867,2001,11,7,3,12109
2868,2001,11,8,4,12233
2869,2001,11,9,5,12185
2870,2001,11,10,6,8529
2871,2001,11,11,7,7458
2872,2001,11,12,1,11423
2873,2001,11,13,2,12066
2874,2001,11,14,3,12258
2875,2001,11,15,4,12636
2876,2001,11,16,5,12708
2877,2001,11,17,6,8559
2878,2001,11,18,7,7371
2879,2001,11,19,1,12487
2880,2001,11,20,2,13252
2881,2001,11,21,3,11818
2882,2001,11,22,4,7363
2883,2001,11,23,5,9332
2884,2001,11,24,6,7916
2885,2001,11,25,7,7290
2886,2001,11,26,1,11498
2887,2001,11,27,2,12930
2888,2001,11,28,3,12207
2889,2001,11,29,4,12180
2890,2001,11,30,5,11750
2891,2001,12,1,6,8038
2892,2001,12,2,7,7216
2893,2001,12,3,1,11275
2894,2001,12,4,2,12293
2895,2001,12,5,3,12307
2896,2001,12,6,4,11892
2897,2001,12,7,5,11424
2898,2001,12,8,6,8189
2899,2001,12,9,7,7333
2900,2001,12,10,1,11345
2901,2001,12,11,2,12407
2902,2001,12,12,3,12510
2903,2001,12,13,4,11948
2904,2001,12,14,5,12143
2905,2001,12,15,6,8447
2906,2001,12,16,7,7309
2907,2001,12,17,1,12049
2908,2001,12,18,2,13300
2909,2001,12,19,3,13072
2910,2001,12,20,4,13558
2911,2001,12,21,5,13185
2912,2001,12,22,6,8879
2913,2001,12,23,7,7082
2914,2001,12,24,1,7448
2915,2001,12,25,2,6443
2916,2001,12,26,3,10735
2917,2001,12,27,4,13762
2918,2001,12,28,5,13918
2919,2001,12,29,6,9365
2920,2001,12,30,7,7679
2921,2001,12,31,1,10018
2922,2002,1,1,2,7790
2923,2002,1,2,3,10420
2924,2002,1,3,4,12134
2925,2002,1,4,5,12433
2926,2002,1,5,6,8760
2927,2002,1,6,7,7505
2928,2002,1,7,1,11371
2929,2002,1,8,2,12248
2930,2002,1,9,3,11391
2931,2002,1,10,4,12318
2932,2002,1,11,5,12048
2933,2002,1,12,6,8399
2934,2002,1,13,7,7355
2935,2002,1,14,1,11344
2936,2002,1,15,2,12101
2937,2002,1,16,3,11697
2938,2002,1,17,4,12077
2939,2002,1,18,5,12015
2940,2002,1,19,6,8301
2941,2002,1,20,7,7338
2942,2002,1,21,1,10741
2943,2002,1,22,2,12104
2944,2002,1,23,3,11970
2945,2002,1,24,4,12235
2946,2002,1,25,5,11867
2947,2002,1,26,6,8400
2948,2002,1,27,7,7387
2949,2002,1,28,1,11139
2950,2002,1,29,2,11963
2951,2002,1,30,3,11902
2952,2002,1,31,4,11921
2953,2002,2,1,5,11943
2954,2002,2,2,6,8799
2955,2002,2,3,7,7322
2956,2002,2,4,1,11176
2957,2002,2,5,2,12242
2958,2002,2,6,3,11934
2959,2002,2,7,4,12157
2960,2002,2,8,5,12223
2961,2002,2,9,6,8589
2962,2002,2,10,7,7461
2963,2002,2,11,1,11348
2964,2002,2,12,2,12467
2965,2002,2,13,3,11814
2966,2002,2,14,4,12785
2967,2002,2,15,5,12334
2968,2002,2,16,6,8563
2969,2002,2,17,7,7310
2970,2002,2,18,1,10729
2971,2002,2,19,2,12053
2972,2002,2,20,3,12516
2973,2002,2,21,4,12166
2974,2002,2,22,5,12459
2975,2002,2,23,6,8515
2976,2002,2,24,7,7372
2977,2002,2,25,1,11322
2978,2002,2,26,2,12227
2979,2002,2,27,3,12055
2980,2002,2,28,4,12096
2981,2002,3,1,5,12214
2982,2002,3,2,6,8310
2983,2002,3,3,7,7497
2984,2002,3,4,1,11422
2985,2002,3,5,2,12435
2986,2002,3,6,3,12152
2987,2002,3,7,4,12299
2988,2002,3,8,5,12037
2989,2002,3,9,6,8470
2990,2002,3,10,7,7529
2991,2002,3,11,1,10989
2992,2002,3,12,2,12384
2993,2002,3,13,3,11810
2994,2002,3,14,4,12358
2995,2002,3,15,5,12249
2996,2002,3,16,6,8596
2997,2002,3,17,7,7526
2998,2002,3,18,1,11434
2999,2002,3,19,2,12439
3000,2002,3,20,3,12278
3001,2002,3,21,4,12249
3002,2002,3,22,5,12056
3003,2002,3,23,6,8466
3004,2002,3,24,7,7314
3005,2002,3,25,1,11292
3006,2002,3,26,2,12562
3007,2002,3,27,3,12353
3008,2002,3,28,4,12265
3009,2002,3,29,5,11324
3010,2002,3,30,6,8177
3011,2002,3,31,7,7019
3012,2002,4,1,1,10090
3013,2002,4,2,2,12560
3014,2002,4,3,3,12147
3015,2002,4,4,4,12061
3016,2002,4,5,5,11812
3017,2002,4,6,6,8191
3018,2002,4,7,7,7008
3019,2002,4,8,1,11478
3020,2002,4,9,2,12465
3021,2002,4,10,3,12188
3022,2002,4,11,4,12040
3023,2002,4,12,5,12070
3024,2002,4,13,6,8345
3025,2002,4,14,7,7482
3026,2002,4,15,1,11220
3027,2002,4,16,2,12586
3028,2002,4,17,3,12271
3029,2002,4,18,4,12219
3030,2002,4,19,5,12054
3031,2002,4,20,6,8113
3032,2002,4,21,7,7205
3033,2002,4,22,1,11365
3034,2002,4,23,2,12255
3035,2002,4,24,3,12066
3036,2002,4,25,4,12249
3037,2002,4,26,5,11737
3038,2002,4,27,6,8127
3039,2002,4,28,7,7417
3040,2002,4,29,1,11230
3041,2002,4,30,2,12381
3042,2002,5,1,3,12080
3043,2002,5,2,4,12157
3044,2002,5,3,5,11923
3045,2002,5,4,6,8104
3046,2002,5,5,7,7338
3047,2002,5,6,1,11167
3048,2002,5,7,2,12265
3049,2002,5,8,3,12082
3050,2002,5,9,4,12035
3051,2002,5,10,5,12140
3052,2002,5,11,6,8216
3053,2002,5,12,7,7370
3054,2002,5,13,1,11235
3055,2002,5,14,2,12655
3056,2002,5,15,3,12489
3057,2002,5,16,4,12374
3058,2002,5,17,5,11963
3059,2002,5,18,6,8420
3060,2002,5,19,7,7358
3061,2002,5,20,1,11568
3062,2002,5,21,2,12675
3063,2002,5,22,3,12463
3064,2002,5,23,4,12871
3065,2002,5,24,5,12569
3066,2002,5,25,6,8374
3067,2002,5,26,7,7221
3068,2002,5,27,1,7667
3069,2002,5,28,2,11923
3070,2002,5,29,3,13213
3071,2002,5,30,4,12738
3072,2002,5,31,5,12354
3073,2002,6,1,6,8410
3074,2002,6,2,7,7469
3075,2002,6,3,1,11273
3076,2002,6,4,2,12391
3077,2002,6,5,3,12433
3078,2002,6,6,4,12478
3079,2002,6,7,5,12067
3080,2002,6,8,6,8392
3081,2002,6,9,7,7401
3082,2002,6,10,1,11664
3083,2002,6,11,2,12464
3084,2002,6,12,3,12499
3085,2002,6,13,4,12253
3086,2002,6,14,5,12364
3087,2002,6,15,6,8593
3088,2002,6,16,7,7575
3089,2002,6,17,1,11482
3090,2002,6,18,2,12898
3091,2002,6,19,3,12350
3092,2002,6,20,4,12633
3093,2002,6,21,5,12163
3094,2002,6,22,6,8576
3095,2002,6,23,7,7557
3096,2002,6,24,1,11724
3097,2002,6,25,2,13168
3098,2002,6,26,3,12850
3099,2002,6,27,4,13102
3100,2002,6,28,5,12779
3101,2002,6,29,6,8841
3102,2002,6,30,7,7739
3103,2002,7,1,1,12397
3104,2002,7,2,2,13862
3105,2002,7,3,3,13393
3106,2002,7,4,4,9346
3107,2002,7,5,5,11131
3108,2002,7,6,6,8715
3109,2002,7,7,7,7951
3110,2002,7,8,1,12060
3111,2002,7,9,2,13556
3112,2002,7,10,3,12998
3113,2002,7,11,4,12974
3114,2002,7,12,5,12505
3115,2002,7,13,6,8778
3116,2002,7,14,7,7781
3117,2002,7,15,1,12176
3118,2002,7,16,2,13352
3119,2002,7,17,3,13070
3120,2002,7,18,4,13183
3121,2002,7,19,5,12668
3122,2002,7,20,6,8684
3123,2002,7,21,7,7823
3124,2002,7,22,1,11949
3125,2002,7,23,2,13318
3126,2002,7,24,3,12969
3127,2002,7,25,4,13191
3128,2002,7,26,5,12745
3129,2002,7,27,6,8924
3130,2002,7,28,7,7812
3131,2002,7,29,1,11961
3132,2002,7,30,2,13342
3133,2002,7,31,3,13055
3134,2002,8,1,4,13042
3135,2002,8,2,5,12850
3136,2002,8,3,6,8857
3137,2002,8,4,7,7689
3138,2002,8,5,1,11938
3139,2002,8,6,2,13155
3140,2002,8,7,3,12764
3141,2002,8,8,4,13130
3142,2002,8,9,5,12664
3143,2002,8,10,6,8929
3144,2002,8,11,7,7869
3145,2002,8,12,1,12110
3146,2002,8,13,2,13284
3147,2002,8,14,3,13028
3148,2002,8,15,4,13277
3149,2002,8,16,5,12892
3150,2002,8,17,6,9138
3151,2002,8,18,7,7812
3152,2002,8,19,1,12040
3153,2002,8,20,2,13460
3154,2002,8,21,3,13069
3155,2002,8,22,4,12964
3156,2002,8,23,5,12934
3157,2002,8,24,6,8932
3158,2002,8,25,7,7833
3159,2002,8,26,1,11966
3160,2002,8,27,2,13504
3161,2002,8,28,3,13109
3162,2002,8,29,4,13143
3163,2002,8,30,5,13054
3164,2002,8,31,6,8981
3165,2002,9,1,7,7840
3166,2002,9,2,1,8085
3167,2002,9,3,2,12325
3168,2002,9,4,3,13675
3169,2002,9,5,4,13751
3170,2002,9,6,5,13399
3171,2002,9,7,6,9238
3172,2002,9,8,7,7956
3173,2002,9,9,1,12619
3174,2002,9,10,2,13644
3175,2002,9,11,3,12371
3176,2002,9,12,4,13982
3177,2002,9,13,5,12786
3178,2002,9,14,6,9258
3179,2002,9,15,7,8331
3180,2002,9,16,1,12520
3181,2002,9,17,2,13883
3182,2002,9,18,3,13655
3183,2002,9,19,4,13620
3184,2002,9,20,5,13455
3185,2002,9,21,6,9436
3186,2002,9,22,7,8091
3187,2002,9,23,1,12564
3188,2002,9,24,2,13884
3189,2002,9,25,3,13228
3190,2002,9,26,4,13211
3191,2002,9,27,5,13047
3192,2002,9,28,6,9120
3193,2002,9,29,7,7842
3194,2002,9,30,1,11998
3195,2002,10,1,2,13296
3196,2002,10,2,3,13164
3197,2002,10,3,4,12778
3198,2002,10,4,5,12582
3199,2002,10,5,6,8783
3200,2002,10,6,7,7671
3201,2002,10,7,1,11747
3202,2002,10,8,2,12802
3203,2002,10,9,3,12417
3204,2002,10,10,4,12433
3205,2002,10,11,5,12271
3206,2002,10,12,6,8334
3207,2002,10,13,7,7326
3208,2002,10,14,1,11312
3209,2002,10,15,2,12513
3210,2002,10,16,3,12363
3211,2002,10,17,4,12222
3212,2002,10,18,5,11968
3213,2002,10,19,6,8391
3214,2002,10,20,7,7256
3215,2002,10,21,1,11473
3216,2002,10,22,2,12921
3217,2002,10,23,3,12380
3218,2002,10,24,4,12447
3219,2002,10,25,5,12276
3220,2002,10,26,6,8303
3221,2002,10,27,7,7591
3222,2002,10,28,1,11603
3223,2002,10,29,2,12561
3224,2002,10,30,3,12023
3225,2002,10,31,4,10607
3226,2002,11,1,5,12335
3227,2002,11,2,6,8364
3228,2002,11,3,7,7380
3229,2002,11,4,1,11526
3230,2002,11,5,2,12604
3231,2002,11,6,3,12349
3232,2002,11,7,4,12378
3233,2002,11,8,5,12211
3234,2002,11,9,6,8454
3235,2002,11,10,7,7561
3236,2002,11,11,1,11310
3237,2002,11,12,2,12422
3238,2002,11,13,3,11833
3239,2002,11,14,4,12205
3240,2002,11,15,5,12016
3241,2002,11,16,6,8157
3242,2002,11,17,7,7167
3243,2002,11,18,1,11554
3244,2002,11,19,2,12462
3245,2002,11,20,3,12254
3246,2002,11,21,4,12431
3247,2002,11,22,5,12726
3248,2002,11,23,6,8417
3249,2002,11,24,7,7526
3250,2002,11,25,1,12198
3251,2002,11,26,2,13064
3252,2002,11,27,3,11245
3253,2002,11,28,4,7262
3254,2002,11,29,5,9155
3255,2002,11,30,6,8007
3256,2002,12,1,7,7286
3257,2002,12,2,1,11563
3258,2002,12,3,2,12980
3259,2002,12,4,3,12396
3260,2002,12,5,4,12343
3261,2002,12,6,5,11560
3262,2002,12,7,6,8362
3263,2002,12,8,7,7190
3264,2002,12,9,1,11313
3265,2002,12,10,2,12544
3266,2002,12,11,3,12311
3267,2002,12,12,4,12533
3268,2002,12,13,5,11378
3269,2002,12,14,6,8274
3270,2002,12,15,7,7364
3271,2002,12,16,1,12061
3272,2002,12,17,2,13102
3273,2002,12,18,3,13252
3274,2002,12,19,4,13342
3275,2002,12,20,5,13690
3276,2002,12,21,6,8934
3277,2002,12,22,7,7460
3278,2002,12,23,1,11135
3279,2002,12,24,2,8929
3280,2002,12,25,3,6629
3281,2002,12,26,4,10903
3282,2002,12,27,5,13332
3283,2002,12,28,6,8953
3284,2002,12,29,7,7892
3285,2002,12,30,1,12906
3286,2002,12,31,2,12339
3287,2003,1,1,3,7783
3288,2003,1,2,4,10863
3289,2003,1,3,5,11965
3290,2003,1,4,6,8374
3291,2003,1,5,7,7365
3292,2003,1,6,1,11220
3293,2003,1,7,2,12398
3294,2003,1,8,3,11872
3295,2003,1,9,4,11828
3296,2003,1,10,5,12303
3297,2003,1,11,6,8334
3298,2003,1,12,7,7214
3299,2003,1,13,1,11017
3300,2003,1,14,2,12651
3301,2003,1,15,3,11870
3302,2003,1,16,4,11897
3303,2003,1,17,5,11855
3304,2003,1,18,6,8300
3305,2003,1,19,7,7366
3306,2003,1,20,1,10842
3307,2003,1,21,2,12052
3308,2003,1,22,3,11835
3309,2003,1,23,4,11892
3310,2003,1,24,5,11890
3311,2003,1,25,6,8241
3312,2003,1,26,7,7295
3313,2003,1,27,1,11231
3314,2003,1,28,2,12363
3315,2003,1,29,3,11851
3316,2003,1,30,4,12062
3317,2003,1,31,5,11774
3318,2003,2,1,6,8538
3319,2003,2,2,7,7515
3320,2003,2,3,1,11311
3321,2003,2,4,2,12305
3322,2003,2,5,3,11786
3323,2003,2,6,4,12144
3324,2003,2,7,5,12195
3325,2003,2,8,6,8459
3326,2003,2,9,7,7396
3327,2003,2,10,1,11771
3328,2003,2,11,2,12700
3329,2003,2,12,3,12339
3330,2003,2,13,4,12086
3331,2003,2,14,5,12807
3332,2003,2,15,6,8730
3333,2003,2,16,7,7568
3334,2003,2,17,1,10522
3335,2003,2,18,2,12403
3336,2003,2,19,3,12395
3337,2003,2,20,4,12320
3338,2003,2,21,5,12435
3339,2003,2,22,6,8767
3340,2003,2,23,7,7582
3341,2003,2,24,1,11677
3342,2003,2,25,2,12595
3343,2003,2,26,3,12136
3344,2003,2,27,4,12437
3345,2003,2,28,5,12329
3346,2003,3,1,6,8500
3347,2003,3,2,7,7438
3348,2003,3,3,1,12491
3349,2003,3,4,2,12638
3350,2003,3,5,3,12264
3351,2003,3,6,4,12419
3352,2003,3,7,5,12259
3353,2003,3,8,6,8528
3354,2003,3,9,7,7300
3355,2003,3,10,1,11456
3356,2003,3,11,2,12693
3357,2003,3,12,3,12278
3358,2003,3,13,4,12127
3359,2003,3,14,5,12582
3360,2003,3,15,6,8485
3361,2003,3,16,7,7387
3362,2003,3,17,1,11718
3363,2003,3,18,2,12697
3364,2003,3,19,3,12374
3365,2003,3,20,4,12506
3366,2003,3,21,5,12446
3367,2003,3,22,6,8372
3368,2003,3,23,7,7303
3369,2003,3,24,1,11487
3370,2003,3,25,2,12819
3371,2003,3,26,3,12324
3372,2003,3,27,4,12403
3373,2003,3,28,5,12317
3374,2003,3,29,6,8579
3375,2003,3,30,7,7399
3376,2003,3,31,1,11331
3377,2003,4,1,2,11754
3378,2003,4,2,3,12739
3379,2003,4,3,4,12380
3380,2003,4,4,5,12453
3381,2003,4,5,6,8371
3382,2003,4,6,7,7181
3383,2003,4,7,1,11554
3384,2003,4,8,2,12813
3385,2003,4,9,3,12172
3386,2003,4,10,4,12485
3387,2003,4,11,5,12176
3388,2003,4,12,6,8380
3389,2003,4,13,7,7130
3390,2003,4,14,1,11599
3391,2003,4,15,2,12799
3392,2003,4,16,3,12701
3393,2003,4,17,4,12716
3394,2003,4,18,5,11576
3395,2003,4,19,6,8077
3396,2003,4,20,7,7057
3397,2003,4,21,1,11303
3398,2003,4,22,2,12474
3399,2003,4,23,3,12361
3400,2003,4,24,4,12297
3401,2003,4,25,5,12049
3402,2003,4,26,6,8213
3403,2003,4,27,7,7342
3404,2003,4,28,1,11460
3405,2003,4,29,2,12430
3406,2003,4,30,3,12064
3407,2003,5,1,4,12526
3408,2003,5,2,5,12297
3409,2003,5,3,6,8366
3410,2003,5,4,7,7481
3411,2003,5,5,1,11814
3412,2003,5,6,2,12884
3413,2003,5,7,3,12447
3414,2003,5,8,4,12664
3415,2003,5,9,5,12522
3416,2003,5,10,6,8594
3417,2003,5,11,7,7484
3418,2003,5,12,1,11943
3419,2003,5,13,2,12455
3420,2003,5,14,3,12635
3421,2003,5,15,4,12896
3422,2003,5,16,5,12662
3423,2003,5,17,6,8536
3424,2003,5,18,7,7505
3425,2003,5,19,1,11811
3426,2003,5,20,2,12993
3427,2003,5,21,3,13139
3428,2003,5,22,4,13199
3429,2003,5,23,5,12965
3430,2003,5,24,6,8678
3431,2003,5,25,7,7598
3432,2003,5,26,1,7825
3433,2003,5,27,2,12163
3434,2003,5,28,3,13619
3435,2003,5,29,4,13277
3436,2003,5,30,5,13034
3437,2003,5,31,6,8742
3438,2003,6,1,7,7570
3439,2003,6,2,1,11835
3440,2003,6,3,2,12824
3441,2003,6,4,3,12616
3442,2003,6,5,4,12647
3443,2003,6,6,5,12617
3444,2003,6,7,6,8559
3445,2003,6,8,7,7493
3446,2003,6,9,1,11743
3447,2003,6,10,2,13102
3448,2003,6,11,3,12931
3449,2003,6,12,4,12883
3450,2003,6,13,5,11821
3451,2003,6,14,6,8594
3452,2003,6,15,7,7571
3453,2003,6,16,1,12229
3454,2003,6,17,2,13144
3455,2003,6,18,3,12903
3456,2003,6,19,4,12752
3457,2003,6,20,5,12496
3458,2003,6,21,6,8623
3459,2003,6,22,7,7642
3460,2003,6,23,1,12012
3461,2003,6,24,2,13333
3462,2003,6,25,3,13267
3463,2003,6,26,4,13106
3464,2003,6,27,5,12678
3465,2003,6,28,6,8714
3466,2003,6,29,7,7648
3467,2003,6,30,1,12072
3468,2003,7,1,2,13682
3469,2003,7,2,3,13577
3470,2003,7,3,4,13247
3471,2003,7,4,5,9364
3472,2003,7,5,6,8209
3473,2003,7,6,7,7789
3474,2003,7,7,1,12407
3475,2003,7,8,2,13626
3476,2003,7,9,3,13286
3477,2003,7,10,4,13381
3478,2003,7,11,5,12878
3479,2003,7,12,6,8776
3480,2003,7,13,7,7867
3481,2003,7,14,1,12068
3482,2003,7,15,2,13434
3483,2003,7,16,3,13224
3484,2003,7,17,4,13444
3485,2003,7,18,5,13013
3486,2003,7,19,6,8787
3487,2003,7,20,7,7954
3488,2003,7,21,1,12241
3489,2003,7,22,2,13522
3490,2003,7,23,3,13312
3491,2003,7,24,4,13355
3492,2003,7,25,5,12825
3493,2003,7,26,6,8862
3494,2003,7,27,7,7740
3495,2003,7,28,1,12262
3496,2003,7,29,2,13562
3497,2003,7,30,3,13295
3498,2003,7,31,4,13237
3499,2003,8,1,5,13001
3500,2003,8,2,6,8740
3501,2003,8,3,7,7702
3502,2003,8,4,1,12031
3503,2003,8,5,2,13437
3504,2003,8,6,3,13123
3505,2003,8,7,4,13315
3506,2003,8,8,5,13145
3507,2003,8,9,6,9109
3508,2003,8,10,7,7852
3509,2003,8,11,1,12053
3510,2003,8,12,2,13698
3511,2003,8,13,3,12955
3512,2003,8,14,4,13152
3513,2003,8,15,5,13011
3514,2003,8,16,6,9189
3515,2003,8,17,7,8018
3516,2003,8,18,1,12243
3517,2003,8,19,2,13561
3518,2003,8,20,3,13196
3519,2003,8,21,4,13339
3520,2003,8,22,5,13222
3521,2003,8,23,6,9071
3522,2003,8,24,7,7858
3523,2003,8,25,1,12411
3524,2003,8,26,2,13723
3525,2003,8,27,3,13594
3526,2003,8,28,4,13839
3527,2003,8,29,5,13547
3528,2003,8,30,6,9225
3529,2003,8,31,7,7743
3530,2003,9,1,1,8059
3531,2003,9,2,2,12389
3532,2003,9,3,3,14119
3533,2003,9,4,4,13870
3534,2003,9,5,5,13616
3535,2003,9,6,6,9257
3536,2003,9,7,7,8064
3537,2003,9,8,1,12504
3538,2003,9,9,2,13615
3539,2003,9,10,3,13908
3540,2003,9,11,4,12932
3541,2003,9,12,5,13621
3542,2003,9,13,6,9444
3543,2003,9,14,7,8415
3544,2003,9,15,1,12846
3545,2003,9,16,2,14145
3546,2003,9,17,3,13686
3547,2003,9,18,4,13781
3548,2003,9,19,5,13325
3549,2003,9,20,6,9522
3550,2003,9,21,7,8383
3551,2003,9,22,1,12766
3552,2003,9,23,2,14036
3553,2003,9,24,3,13578
3554,2003,9,25,4,13651
3555,2003,9,26,5,13600
3556,2003,9,27,6,9039
3557,2003,9,28,7,8060
3558,2003,9,29,1,12291
3559,2003,9,30,2,13122
3560,2003,10,1,3,13138
3561,2003,10,2,4,13383
3562,2003,10,3,5,13013
3563,2003,10,4,6,8876
3564,2003,10,5,7,7653
3565,2003,10,6,1,11912
3566,2003,10,7,2,13241
3567,2003,10,8,3,13237
3568,2003,10,9,4,13047
3569,2003,10,10,5,13058
3570,2003,10,11,6,8620
3571,2003,10,12,7,7713
3572,2003,10,13,1,11272
3573,2003,10,14,2,12995
3574,2003,10,15,3,12690
3575,2003,10,16,4,12499
3576,2003,10,17,5,12404
3577,2003,10,18,6,8432
3578,2003,10,19,7,7454
3579,2003,10,20,1,11817
3580,2003,10,21,2,13032
3581,2003,10,22,3,12780
3582,2003,10,23,4,12568
3583,2003,10,24,5,12325
3584,2003,10,25,6,8444
3585,2003,10,26,7,7696
3586,2003,10,27,1,11745
3587,2003,10,28,2,13173
3588,2003,10,29,3,12705
3589,2003,10,30,4,12359
3590,2003,10,31,5,10767
3591,2003,11,1,6,8342
3592,2003,11,2,7,7568
3593,2003,11,3,1,12200
3594,2003,11,4,2,13060
3595,2003,11,5,3,12761
3596,2003,11,6,4,12564
3597,2003,11,7,5,12291
3598,2003,11,8,6,8575
3599,2003,11,9,7,7341
3600,2003,11,10,1,11890
3601,2003,11,11,2,12917
3602,2003,11,12,3,12463
3603,2003,11,13,4,12206
3604,2003,11,14,5,12219
3605,2003,11,15,6,8163
3606,2003,11,16,7,7375
3607,2003,11,17,1,11723
3608,2003,11,18,2,12994
3609,2003,11,19,3,12658
3610,2003,11,20,4,12710
3611,2003,11,21,5,12770
3612,2003,11,22,6,8473
3613,2003,11,23,7,7249
3614,2003,11,24,1,12803
3615,2003,11,25,2,13399
3616,2003,11,26,3,11767
3617,2003,11,27,4,7224
3618,2003,11,28,5,9271
3619,2003,11,29,6,7913
3620,2003,11,30,7,7205
3621,2003,12,1,1,11973
3622,2003,12,2,2,13122
3623,2003,12,3,3,12884
3624,2003,12,4,4,12372
3625,2003,12,5,5,11901
3626,2003,12,6,6,8132
3627,2003,12,7,7,7241
3628,2003,12,8,1,11496
3629,2003,12,9,2,12699
3630,2003,12,10,3,12470
3631,2003,12,11,4,12242
3632,2003,12,12,5,12237
3633,2003,12,13,6,8150
3634,2003,12,14,7,7337
3635,2003,12,15,1,12064
3636,2003,12,16,2,13350
3637,2003,12,17,3,13106
3638,2003,12,18,4,13594
3639,2003,12,19,5,13434
3640,2003,12,20,6,8795
3641,2003,12,21,7,7547
3642,2003,12,22,1,12967
3643,2003,12,23,2,12598
3644,2003,12,24,3,9096
3645,2003,12,25,4,6628
3646,2003,12,26,5,10218
3647,2003,12,27,6,8646
3648,2003,12,28,7,7645
3649,2003,12,29,1,12823
3650,2003,12,30,2,14438
3651,2003,12,31,3,12374
